{
  "dataset_revision": "10039a580487dacecf79db69166e17ace3ede392",
  "evaluation_time": 24.504801988601685,
  "kg_co2_emissions": null,
  "mteb_version": "1.14.20",
  "scores": {
    "test": [
      {
        "hf_subset": "default",
        "languages": [
          "eng-Latn"
        ],
        "main_score": 0.8796,
        "map_at_1": 0.78274,
        "map_at_10": 0.85008,
        "map_at_3": 0.83879,
        "map_at_5": 0.84697,
        "mrr_at_1": 0.7827380952380952,
        "mrr_at_10": 0.8500767668178382,
        "mrr_at_3": 0.8387896825396824,
        "mrr_at_5": 0.8469742063492063,
        "ndcg_at_1": 0.78274,
        "ndcg_at_10": 0.8796,
        "ndcg_at_3": 0.85725,
        "ndcg_at_5": 0.87198,
        "precision_at_1": 0.78274,
        "precision_at_10": 0.09702,
        "precision_at_3": 0.30357,
        "precision_at_5": 0.18929,
        "recall_at_1": 0.78274,
        "recall_at_10": 0.97024,
        "recall_at_3": 0.91071,
        "recall_at_5": 0.94643
      }
    ]
  },
  "task_name": "LEMBSummScreenFDRetrievalChunked"
}