{
  "dataset_revision": "6e346642246bfb4928c560ee08640dc84d074e8c",
  "evaluation_time": 21.096606016159058,
  "kg_co2_emissions": null,
  "mteb_version": "1.14.20",
  "scores": {
    "test": [
      {
        "hf_subset": "default",
        "languages": [
          "eng-Latn"
        ],
        "main_score": 0.95035,
        "map_at_1": 0.91333,
        "map_at_10": 0.94048,
        "map_at_3": 0.93833,
        "map_at_5": 0.93833,
        "mrr_at_1": 0.9133333333333333,
        "mrr_at_10": 0.9404761904761906,
        "mrr_at_3": 0.9383333333333334,
        "mrr_at_5": 0.9383333333333334,
        "ndcg_at_1": 0.91333,
        "ndcg_at_10": 0.95035,
        "ndcg_at_3": 0.94567,
        "ndcg_at_5": 0.94567,
        "precision_at_1": 0.91333,
        "precision_at_10": 0.098,
        "precision_at_3": 0.32222,
        "precision_at_5": 0.19333,
        "recall_at_1": 0.91333,
        "recall_at_10": 0.98,
        "recall_at_3": 0.96667,
        "recall_at_5": 0.96667
      }
    ]
  },
  "task_name": "LEMBWikimQARetrievalChunked"
}