{
  "dataset_revision": "10039a580487dacecf79db69166e17ace3ede392",
  "evaluation_time": 42.45911240577698,
  "kg_co2_emissions": null,
  "mteb_version": "1.14.20",
  "scores": {
    "test": [
      {
        "hf_subset": "default",
        "languages": [
          "eng-Latn"
        ],
        "main_score": 0.56841,
        "map_at_1": 0.43091,
        "map_at_10": 0.51941,
        "map_at_20": 0.5254,
        "map_at_3": 0.4928,
        "map_at_5": 0.5076,
        "mrr_at_1": 0.4309102815979044,
        "mrr_at_10": 0.5194078024136963,
        "mrr_at_20": 0.5253965671643295,
        "mrr_at_3": 0.49279633267845446,
        "mrr_at_5": 0.5075965946299935,
        "ndcg_at_1": 0.43091,
        "ndcg_at_10": 0.56841,
        "ndcg_at_20": 0.58993,
        "ndcg_at_3": 0.51337,
        "ndcg_at_5": 0.54006,
        "precision_at_1": 0.43091,
        "precision_at_10": 0.0725,
        "precision_at_20": 0.04047,
        "precision_at_3": 0.19101,
        "precision_at_5": 0.12757,
        "recall_at_1": 0.43091,
        "recall_at_10": 0.72495,
        "recall_at_20": 0.80943,
        "recall_at_3": 0.57302,
        "recall_at_5": 0.63785
      }
    ]
  },
  "task_name": "LEMBQMSumRetrievalChunked"
}