{
  "dataset_revision": "10039a580487dacecf79db69166e17ace3ede392",
  "evaluation_time": 38.087034463882446,
  "kg_co2_emissions": null,
  "mteb_version": "1.14.20",
  "scores": {
    "test": [
      {
        "hf_subset": "default",
        "languages": [
          "eng-Latn"
        ],
        "main_score": 0.56557,
        "map_at_1": 0.42698,
        "map_at_10": 0.51611,
        "map_at_20": 0.52222,
        "map_at_3": 0.48941,
        "map_at_5": 0.50372,
        "mrr_at_1": 0.426981008513425,
        "mrr_at_10": 0.516108720283573,
        "mrr_at_20": 0.5222164663592797,
        "mrr_at_3": 0.48941279196681947,
        "mrr_at_5": 0.5037218947827985,
        "ndcg_at_1": 0.42698,
        "ndcg_at_10": 0.56557,
        "ndcg_at_20": 0.58811,
        "ndcg_at_3": 0.51018,
        "ndcg_at_5": 0.53602,
        "precision_at_1": 0.42698,
        "precision_at_10": 0.07236,
        "precision_at_20": 0.04067,
        "precision_at_3": 0.19013,
        "precision_at_5": 0.12665,
        "recall_at_1": 0.42698,
        "recall_at_10": 0.72364,
        "recall_at_20": 0.81336,
        "recall_at_3": 0.5704,
        "recall_at_5": 0.63327
      }
    ]
  },
  "task_name": "LEMBQMSumRetrievalChunked"
}