{
  "dataset_revision": "10039a580487dacecf79db69166e17ace3ede392",
  "evaluation_time": 27.351439714431763,
  "kg_co2_emissions": null,
  "mteb_version": "1.14.20",
  "scores": {
    "test": [
      {
        "hf_subset": "default",
        "languages": [
          "eng-Latn"
        ],
        "main_score": 0.94597,
        "map_at_1": 0.91,
        "map_at_10": 0.93492,
        "map_at_3": 0.93056,
        "map_at_5": 0.93356,
        "mrr_at_1": 0.91,
        "mrr_at_10": 0.9349206349206349,
        "mrr_at_3": 0.9305555555555556,
        "mrr_at_5": 0.9335555555555556,
        "ndcg_at_1": 0.91,
        "ndcg_at_10": 0.94597,
        "ndcg_at_3": 0.93726,
        "ndcg_at_5": 0.94271,
        "precision_at_1": 0.91,
        "precision_at_10": 0.098,
        "precision_at_3": 0.31889,
        "precision_at_5": 0.194,
        "recall_at_1": 0.91,
        "recall_at_10": 0.98,
        "recall_at_3": 0.95667,
        "recall_at_5": 0.97
      }
    ]
  },
  "task_name": "LEMBWikimQARetrievalChunked"
}