{
  "dataset_revision": "10039a580487dacecf79db69166e17ace3ede392",
  "evaluation_time": 33.62538528442383,
  "kg_co2_emissions": null,
  "mteb_version": "1.14.20",
  "scores": {
    "test": [
      {
        "hf_subset": "default",
        "languages": [
          "eng-Latn"
        ],
        "main_score": 0.48383,
        "map_at_1": 0.32547,
        "map_at_10": 0.42617,
        "map_at_20": 0.43314,
        "map_at_3": 0.39413,
        "map_at_5": 0.41246,
        "mrr_at_1": 0.3254747871643746,
        "mrr_at_10": 0.4261722851113814,
        "mrr_at_20": 0.43314067378880616,
        "mrr_at_3": 0.3941279196681947,
        "mrr_at_5": 0.41246452739576517,
        "ndcg_at_1": 0.32547,
        "ndcg_at_10": 0.48383,
        "ndcg_at_20": 0.5096,
        "ndcg_at_3": 0.41762,
        "ndcg_at_5": 0.45059,
        "precision_at_1": 0.32547,
        "precision_at_10": 0.06686,
        "precision_at_20": 0.03857,
        "precision_at_3": 0.16197,
        "precision_at_5": 0.11316,
        "recall_at_1": 0.32547,
        "recall_at_10": 0.66863,
        "recall_at_20": 0.77145,
        "recall_at_3": 0.48592,
        "recall_at_5": 0.56582
      }
    ]
  },
  "task_name": "LEMBQMSumRetrievalChunked"
}