{
  "dataset_revision": "6e346642246bfb4928c560ee08640dc84d074e8c",
  "evaluation_time": 32.949374198913574,
  "kg_co2_emissions": null,
  "mteb_version": "1.14.20",
  "scores": {
    "test": [
      {
        "hf_subset": "default",
        "languages": [
          "eng-Latn"
        ],
        "main_score": 0.88074,
        "map_at_1": 0.83667,
        "map_at_10": 0.86607,
        "map_at_20": 0.86737,
        "map_at_3": 0.85944,
        "map_at_5": 0.86378,
        "mrr_at_1": 0.8366666666666667,
        "mrr_at_10": 0.8660687830687831,
        "mrr_at_20": 0.8673737974987974,
        "mrr_at_3": 0.8594444444444443,
        "mrr_at_5": 0.8637777777777778,
        "ndcg_at_1": 0.83667,
        "ndcg_at_10": 0.88074,
        "ndcg_at_20": 0.8857,
        "ndcg_at_3": 0.86726,
        "ndcg_at_5": 0.87529,
        "precision_at_1": 0.83667,
        "precision_at_10": 0.09267,
        "precision_at_20": 0.04733,
        "precision_at_3": 0.29667,
        "precision_at_5": 0.182,
        "recall_at_1": 0.83667,
        "recall_at_10": 0.92667,
        "recall_at_20": 0.94667,
        "recall_at_3": 0.89,
        "recall_at_5": 0.91
      }
    ]
  },
  "task_name": "LEMBWikimQARetrievalChunked"
}