{
  "dataset_revision": "10039a580487dacecf79db69166e17ace3ede392",
  "evaluation_time": 56.322009563446045,
  "kg_co2_emissions": null,
  "mteb_version": "1.14.20",
  "scores": {
    "test": [
      {
        "hf_subset": "default",
        "languages": [
          "eng-Latn"
        ],
        "main_score": 0.89977,
        "map_at_1": 0.80357,
        "map_at_10": 0.87167,
        "map_at_3": 0.8626,
        "map_at_5": 0.8687,
        "mrr_at_1": 0.8035714285714286,
        "mrr_at_10": 0.8716671390778533,
        "mrr_at_3": 0.8625992063492063,
        "mrr_at_5": 0.8687003968253968,
        "ndcg_at_1": 0.80357,
        "ndcg_at_10": 0.89977,
        "ndcg_at_3": 0.88184,
        "ndcg_at_5": 0.89285,
        "precision_at_1": 0.80357,
        "precision_at_10": 0.09851,
        "precision_at_3": 0.3125,
        "precision_at_5": 0.19286,
        "recall_at_1": 0.80357,
        "recall_at_10": 0.98512,
        "recall_at_3": 0.9375,
        "recall_at_5": 0.96429
      }
    ]
  },
  "task_name": "LEMBSummScreenFDRetrievalChunked"
}