{
  "dataset_revision": "10039a580487dacecf79db69166e17ace3ede392",
  "evaluation_time": 38.49483585357666,
  "kg_co2_emissions": null,
  "mteb_version": "1.14.20",
  "scores": {
    "test": [
      {
        "hf_subset": "default",
        "languages": [
          "eng-Latn"
        ],
        "main_score": 0.57013,
        "map_at_1": 0.42829,
        "map_at_10": 0.52047,
        "map_at_20": 0.5263,
        "map_at_3": 0.49422,
        "map_at_5": 0.50898,
        "mrr_at_1": 0.42829076620825146,
        "mrr_at_10": 0.5204712009230673,
        "mrr_at_20": 0.5263036291241446,
        "mrr_at_3": 0.4942152368478498,
        "mrr_at_5": 0.5089827548570182,
        "ndcg_at_1": 0.42829,
        "ndcg_at_10": 0.57013,
        "ndcg_at_20": 0.59187,
        "ndcg_at_3": 0.51595,
        "ndcg_at_5": 0.54247,
        "precision_at_1": 0.42829,
        "precision_at_10": 0.07282,
        "precision_at_20": 0.04077,
        "precision_at_3": 0.19297,
        "precision_at_5": 0.12862,
        "recall_at_1": 0.42829,
        "recall_at_10": 0.72823,
        "recall_at_20": 0.81532,
        "recall_at_3": 0.57891,
        "recall_at_5": 0.64309
      }
    ]
  },
  "task_name": "LEMBQMSumRetrievalChunked"
}