{
  "dataset_revision": "10039a580487dacecf79db69166e17ace3ede392",
  "evaluation_time": 41.67530345916748,
  "kg_co2_emissions": null,
  "mteb_version": "1.14.20",
  "scores": {
    "test": [
      {
        "hf_subset": "default",
        "languages": [
          "eng-Latn"
        ],
        "main_score": 0.96056,
        "map_at_1": 0.93333,
        "map_at_10": 0.95298,
        "map_at_20": 0.9536,
        "map_at_3": 0.95111,
        "map_at_5": 0.95194,
        "mrr_at_1": 0.9333333333333333,
        "mrr_at_10": 0.9529761904761905,
        "mrr_at_20": 0.9535960735171262,
        "mrr_at_3": 0.951111111111111,
        "mrr_at_5": 0.9519444444444444,
        "ndcg_at_1": 0.93333,
        "ndcg_at_10": 0.96056,
        "ndcg_at_20": 0.963,
        "ndcg_at_3": 0.95682,
        "ndcg_at_5": 0.95826,
        "precision_at_1": 0.93333,
        "precision_at_10": 0.09833,
        "precision_at_20": 0.04967,
        "precision_at_3": 0.32444,
        "precision_at_5": 0.19533,
        "recall_at_1": 0.93333,
        "recall_at_10": 0.98333,
        "recall_at_20": 0.99333,
        "recall_at_3": 0.97333,
        "recall_at_5": 0.97667
      }
    ]
  },
  "task_name": "LEMBWikimQARetrievalChunked"
}