{
  "dataset_revision": "10039a580487dacecf79db69166e17ace3ede392",
  "evaluation_time": 45.15112638473511,
  "kg_co2_emissions": null,
  "mteb_version": "1.14.20",
  "scores": {
    "test": [
      {
        "hf_subset": "default",
        "languages": [
          "eng-Latn"
        ],
        "main_score": 0.8809,
        "map_at_1": 0.75595,
        "map_at_10": 0.84616,
        "map_at_20": 0.84616,
        "map_at_3": 0.83532,
        "map_at_5": 0.84395,
        "mrr_at_1": 0.7559523809523809,
        "mrr_at_10": 0.8461592970521542,
        "mrr_at_20": 0.8461592970521542,
        "mrr_at_3": 0.8353174603174603,
        "mrr_at_5": 0.8439484126984127,
        "ndcg_at_1": 0.75595,
        "ndcg_at_10": 0.8809,
        "ndcg_at_20": 0.8809,
        "ndcg_at_3": 0.86012,
        "ndcg_at_5": 0.87587,
        "precision_at_1": 0.75595,
        "precision_at_10": 0.09851,
        "precision_at_20": 0.04926,
        "precision_at_3": 0.31052,
        "precision_at_5": 0.19405,
        "recall_at_1": 0.75595,
        "recall_at_10": 0.98512,
        "recall_at_20": 0.98512,
        "recall_at_3": 0.93155,
        "recall_at_5": 0.97024
      }
    ]
  },
  "task_name": "LEMBSummScreenFDRetrievalChunked"
}