{
  "dataset_revision": "10039a580487dacecf79db69166e17ace3ede392",
  "evaluation_time": 59.748815298080444,
  "kg_co2_emissions": null,
  "mteb_version": "1.14.20",
  "scores": {
    "test": [
      {
        "hf_subset": "default",
        "languages": [
          "eng-Latn"
        ],
        "main_score": 0.57042,
        "map_at_1": 0.42698,
        "map_at_10": 0.52075,
        "map_at_20": 0.52611,
        "map_at_3": 0.49509,
        "map_at_5": 0.50989,
        "mrr_at_1": 0.426981008513425,
        "mrr_at_10": 0.5207518632862445,
        "mrr_at_20": 0.526107118718291,
        "mrr_at_3": 0.4950884086444008,
        "mrr_at_5": 0.5098886705959398,
        "ndcg_at_1": 0.42698,
        "ndcg_at_10": 0.57042,
        "ndcg_at_20": 0.59027,
        "ndcg_at_3": 0.51745,
        "ndcg_at_5": 0.54413,
        "precision_at_1": 0.42698,
        "precision_at_10": 0.07282,
        "precision_at_20": 0.04037,
        "precision_at_3": 0.19406,
        "precision_at_5": 0.1294,
        "recall_at_1": 0.42698,
        "recall_at_10": 0.72823,
        "recall_at_20": 0.80747,
        "recall_at_3": 0.58219,
        "recall_at_5": 0.64702
      }
    ]
  },
  "task_name": "LEMBQMSumRetrievalChunked"
}