{
  "dataset_revision": "10039a580487dacecf79db69166e17ace3ede392",
  "evaluation_time": 41.61167931556702,
  "kg_co2_emissions": null,
  "mteb_version": "1.14.20",
  "scores": {
    "test": [
      {
        "hf_subset": "default",
        "languages": [
          "eng-Latn"
        ],
        "main_score": 0.88999,
        "map_at_1": 0.79464,
        "map_at_10": 0.86334,
        "map_at_3": 0.85516,
        "map_at_5": 0.86081,
        "mrr_at_1": 0.7946428571428571,
        "mrr_at_10": 0.863343253968254,
        "mrr_at_3": 0.8551587301587301,
        "mrr_at_5": 0.8608134920634921,
        "ndcg_at_1": 0.79464,
        "ndcg_at_10": 0.88999,
        "ndcg_at_3": 0.87408,
        "ndcg_at_5": 0.88407,
        "precision_at_1": 0.79464,
        "precision_at_10": 0.09702,
        "precision_at_3": 0.30952,
        "precision_at_5": 0.19048,
        "recall_at_1": 0.79464,
        "recall_at_10": 0.97024,
        "recall_at_3": 0.92857,
        "recall_at_5": 0.95238
      }
    ]
  },
  "task_name": "LEMBSummScreenFDRetrievalChunked"
}