{
  "dataset_revision": "10039a580487dacecf79db69166e17ace3ede392",
  "evaluation_time": 46.11063885688782,
  "kg_co2_emissions": null,
  "mteb_version": "1.14.20",
  "scores": {
    "test": [
      {
        "hf_subset": "default",
        "languages": [
          "eng-Latn"
        ],
        "main_score": 0.57256,
        "map_at_1": 0.4296,
        "map_at_10": 0.52266,
        "map_at_20": 0.52806,
        "map_at_3": 0.49705,
        "map_at_5": 0.511,
        "mrr_at_1": 0.42960052390307796,
        "mrr_at_10": 0.5226562093949128,
        "mrr_at_20": 0.5280638645171482,
        "mrr_at_3": 0.49705304518664045,
        "mrr_at_5": 0.5110019646365422,
        "ndcg_at_1": 0.4296,
        "ndcg_at_10": 0.57256,
        "ndcg_at_20": 0.59269,
        "ndcg_at_3": 0.51924,
        "ndcg_at_5": 0.54449,
        "precision_at_1": 0.4296,
        "precision_at_10": 0.07315,
        "precision_at_20": 0.0406,
        "precision_at_3": 0.1945,
        "precision_at_5": 0.12901,
        "recall_at_1": 0.4296,
        "recall_at_10": 0.7315,
        "recall_at_20": 0.81205,
        "recall_at_3": 0.5835,
        "recall_at_5": 0.64506
      }
    ]
  },
  "task_name": "LEMBQMSumRetrievalChunked"
}