{
  "dataset_revision": "10039a580487dacecf79db69166e17ace3ede392",
  "evaluation_time": 26.565731525421143,
  "kg_co2_emissions": null,
  "mteb_version": "1.14.20",
  "scores": {
    "test": [
      {
        "hf_subset": "default",
        "languages": [
          "eng-Latn"
        ],
        "main_score": 0.94488,
        "map_at_1": 0.90333,
        "map_at_10": 0.93239,
        "map_at_3": 0.92833,
        "map_at_5": 0.93067,
        "mrr_at_1": 0.9033333333333333,
        "mrr_at_10": 0.9323888888888888,
        "mrr_at_3": 0.9283333333333333,
        "mrr_at_5": 0.9306666666666666,
        "ndcg_at_1": 0.90333,
        "ndcg_at_10": 0.94488,
        "ndcg_at_3": 0.93647,
        "ndcg_at_5": 0.94063,
        "precision_at_1": 0.90333,
        "precision_at_10": 0.09833,
        "precision_at_3": 0.32,
        "precision_at_5": 0.194,
        "recall_at_1": 0.90333,
        "recall_at_10": 0.98333,
        "recall_at_3": 0.96,
        "recall_at_5": 0.97
      }
    ]
  },
  "task_name": "LEMBWikimQARetrievalChunked"
}