{
  "dataset_revision": "10039a580487dacecf79db69166e17ace3ede392",
  "evaluation_time": 28.984849214553833,
  "kg_co2_emissions": null,
  "mteb_version": "1.14.20",
  "scores": {
    "test": [
      {
        "hf_subset": "default",
        "languages": [
          "eng-Latn"
        ],
        "main_score": 0.89135,
        "map_at_1": 0.79762,
        "map_at_10": 0.86438,
        "map_at_3": 0.85516,
        "map_at_5": 0.86156,
        "mrr_at_1": 0.7976190476190477,
        "mrr_at_10": 0.8643849206349207,
        "mrr_at_3": 0.8551587301587301,
        "mrr_at_5": 0.8615575396825397,
        "ndcg_at_1": 0.79762,
        "ndcg_at_10": 0.89135,
        "ndcg_at_3": 0.8733,
        "ndcg_at_5": 0.88457,
        "precision_at_1": 0.79762,
        "precision_at_10": 0.09732,
        "precision_at_3": 0.30853,
        "precision_at_5": 0.19048,
        "recall_at_1": 0.79762,
        "recall_at_10": 0.97321,
        "recall_at_3": 0.9256,
        "recall_at_5": 0.95238
      }
    ]
  },
  "task_name": "LEMBSummScreenFDRetrievalChunked"
}