{
  "dataset_revision": "10039a580487dacecf79db69166e17ace3ede392",
  "evaluation_time": 15.988184928894043,
  "kg_co2_emissions": null,
  "mteb_version": "1.14.20",
  "scores": {
    "test": [
      {
        "hf_subset": "default",
        "languages": [
          "eng-Latn"
        ],
        "main_score": 0.94176,
        "map_at_1": 0.89667,
        "map_at_10": 0.92912,
        "map_at_3": 0.92556,
        "map_at_5": 0.92822,
        "mrr_at_1": 0.8966666666666666,
        "mrr_at_10": 0.9291150793650793,
        "mrr_at_3": 0.9255555555555556,
        "mrr_at_5": 0.9282222222222222,
        "ndcg_at_1": 0.89667,
        "ndcg_at_10": 0.94176,
        "ndcg_at_3": 0.93444,
        "ndcg_at_5": 0.9396,
        "precision_at_1": 0.89667,
        "precision_at_10": 0.098,
        "precision_at_3": 0.32,
        "precision_at_5": 0.19467,
        "recall_at_1": 0.89667,
        "recall_at_10": 0.98,
        "recall_at_3": 0.96,
        "recall_at_5": 0.97333
      }
    ]
  },
  "task_name": "LEMBWikimQARetrievalChunked"
}