{
  "dataset_revision": "10039a580487dacecf79db69166e17ace3ede392",
  "evaluation_time": 34.64872407913208,
  "kg_co2_emissions": null,
  "mteb_version": "1.14.20",
  "scores": {
    "test": [
      {
        "hf_subset": "default",
        "languages": [
          "eng-Latn"
        ],
        "main_score": 0.56738,
        "map_at_1": 0.42764,
        "map_at_10": 0.51932,
        "map_at_20": 0.52511,
        "map_at_3": 0.49432,
        "map_at_5": 0.5087,
        "mrr_at_1": 0.42763588736083824,
        "mrr_at_10": 0.5193168470182223,
        "mrr_at_20": 0.5251082902831308,
        "mrr_at_3": 0.49432438332241874,
        "mrr_at_5": 0.508698974023139,
        "ndcg_at_1": 0.42764,
        "ndcg_at_10": 0.56738,
        "ndcg_at_20": 0.58832,
        "ndcg_at_3": 0.51605,
        "ndcg_at_5": 0.54209,
        "precision_at_1": 0.42764,
        "precision_at_10": 0.07197,
        "precision_at_20": 0.04011,
        "precision_at_3": 0.19297,
        "precision_at_5": 0.12849,
        "recall_at_1": 0.42764,
        "recall_at_10": 0.71971,
        "recall_at_20": 0.80223,
        "recall_at_3": 0.57891,
        "recall_at_5": 0.64244
      }
    ]
  },
  "task_name": "LEMBQMSumRetrievalChunked"
}