{
  "dataset_revision": "10039a580487dacecf79db69166e17ace3ede392",
  "evaluation_time": 17.055257558822632,
  "kg_co2_emissions": null,
  "mteb_version": "1.14.20",
  "scores": {
    "test": [
      {
        "hf_subset": "default",
        "languages": [
          "eng-Latn"
        ],
        "main_score": 0.89068,
        "map_at_1": 0.8006,
        "map_at_10": 0.86288,
        "map_at_3": 0.85218,
        "map_at_5": 0.85873,
        "mrr_at_1": 0.8005952380952381,
        "mrr_at_10": 0.8628838340891912,
        "mrr_at_3": 0.8521825396825397,
        "mrr_at_5": 0.8587301587301588,
        "ndcg_at_1": 0.8006,
        "ndcg_at_10": 0.89068,
        "ndcg_at_3": 0.86947,
        "ndcg_at_5": 0.88088,
        "precision_at_1": 0.8006,
        "precision_at_10": 0.09762,
        "precision_at_3": 0.30655,
        "precision_at_5": 0.18929,
        "recall_at_1": 0.8006,
        "recall_at_10": 0.97619,
        "recall_at_3": 0.91964,
        "recall_at_5": 0.94643
      }
    ]
  },
  "task_name": "LEMBSummScreenFDRetrievalChunked"
}