{
  "dataset_revision": "10039a580487dacecf79db69166e17ace3ede392",
  "evaluation_time": 46.40877437591553,
  "kg_co2_emissions": null,
  "mteb_version": "1.14.20",
  "scores": {
    "test": [
      {
        "hf_subset": "default",
        "languages": [
          "eng-Latn"
        ],
        "main_score": 0.57158,
        "map_at_1": 0.42895,
        "map_at_10": 0.52188,
        "map_at_20": 0.52728,
        "map_at_3": 0.49629,
        "map_at_5": 0.51119,
        "mrr_at_1": 0.4289456450556647,
        "mrr_at_10": 0.5218815292980322,
        "mrr_at_20": 0.5272814518486844,
        "mrr_at_3": 0.4962890198646584,
        "mrr_at_5": 0.5111875136433094,
        "ndcg_at_1": 0.42895,
        "ndcg_at_10": 0.57158,
        "ndcg_at_20": 0.59159,
        "ndcg_at_3": 0.51865,
        "ndcg_at_5": 0.54571,
        "precision_at_1": 0.42895,
        "precision_at_10": 0.07295,
        "precision_at_20": 0.04047,
        "precision_at_3": 0.1945,
        "precision_at_5": 0.12993,
        "recall_at_1": 0.42895,
        "recall_at_10": 0.72954,
        "recall_at_20": 0.80943,
        "recall_at_3": 0.5835,
        "recall_at_5": 0.64964
      }
    ]
  },
  "task_name": "LEMBQMSumRetrievalChunked"
}