{
  "dataset_revision": "10039a580487dacecf79db69166e17ace3ede392",
  "evaluation_time": 26.896676778793335,
  "kg_co2_emissions": null,
  "mteb_version": "1.14.20",
  "scores": {
    "test": [
      {
        "hf_subset": "default",
        "languages": [
          "eng-Latn"
        ],
        "main_score": 0.9426,
        "map_at_1": 0.90333,
        "map_at_10": 0.93134,
        "map_at_3": 0.92833,
        "map_at_5": 0.92983,
        "mrr_at_1": 0.9033333333333333,
        "mrr_at_10": 0.9313412698412699,
        "mrr_at_3": 0.9283333333333333,
        "mrr_at_5": 0.9298333333333333,
        "ndcg_at_1": 0.90333,
        "ndcg_at_10": 0.9426,
        "ndcg_at_3": 0.93647,
        "ndcg_at_5": 0.93919,
        "precision_at_1": 0.90333,
        "precision_at_10": 0.09767,
        "precision_at_3": 0.32,
        "precision_at_5": 0.19333,
        "recall_at_1": 0.90333,
        "recall_at_10": 0.97667,
        "recall_at_3": 0.96,
        "recall_at_5": 0.96667
      }
    ]
  },
  "task_name": "LEMBWikimQARetrievalChunked"
}