{
  "dataset_revision": "10039a580487dacecf79db69166e17ace3ede392",
  "evaluation_time": 29.33760666847229,
  "kg_co2_emissions": null,
  "mteb_version": "1.14.20",
  "scores": {
    "test": [
      {
        "hf_subset": "default",
        "languages": [
          "eng-Latn"
        ],
        "main_score": 0.89081,
        "map_at_1": 0.79762,
        "map_at_10": 0.86367,
        "map_at_3": 0.85516,
        "map_at_5": 0.86081,
        "mrr_at_1": 0.7976190476190477,
        "mrr_at_10": 0.8636739417989419,
        "mrr_at_3": 0.8551587301587301,
        "mrr_at_5": 0.8608134920634921,
        "ndcg_at_1": 0.79762,
        "ndcg_at_10": 0.89081,
        "ndcg_at_3": 0.87401,
        "ndcg_at_5": 0.884,
        "precision_at_1": 0.79762,
        "precision_at_10": 0.09732,
        "precision_at_3": 0.30952,
        "precision_at_5": 0.19048,
        "recall_at_1": 0.79762,
        "recall_at_10": 0.97321,
        "recall_at_3": 0.92857,
        "recall_at_5": 0.95238
      }
    ]
  },
  "task_name": "LEMBSummScreenFDRetrievalChunked"
}