{
  "dataset_revision": "10039a580487dacecf79db69166e17ace3ede392",
  "evaluation_time": 35.60650682449341,
  "kg_co2_emissions": null,
  "mteb_version": "1.14.20",
  "scores": {
    "test": [
      {
        "hf_subset": "default",
        "languages": [
          "eng-Latn"
        ],
        "main_score": 0.56849,
        "map_at_1": 0.42829,
        "map_at_10": 0.51994,
        "map_at_20": 0.52575,
        "map_at_3": 0.4952,
        "map_at_5": 0.50849,
        "mrr_at_1": 0.42829076620825146,
        "mrr_at_10": 0.5199366430702383,
        "mrr_at_20": 0.5257458272212815,
        "mrr_at_3": 0.4951975551189696,
        "mrr_at_5": 0.5084915957214582,
        "ndcg_at_1": 0.42829,
        "ndcg_at_10": 0.56849,
        "ndcg_at_20": 0.58968,
        "ndcg_at_3": 0.51703,
        "ndcg_at_5": 0.54088,
        "precision_at_1": 0.42829,
        "precision_at_10": 0.0723,
        "precision_at_20": 0.04034,
        "precision_at_3": 0.19341,
        "precision_at_5": 0.12757,
        "recall_at_1": 0.42829,
        "recall_at_10": 0.72299,
        "recall_at_20": 0.80681,
        "recall_at_3": 0.58022,
        "recall_at_5": 0.63785
      }
    ]
  },
  "task_name": "LEMBQMSumRetrievalChunked"
}