{
  "dataset_revision": "10039a580487dacecf79db69166e17ace3ede392",
  "evaluation_time": 17.512223482131958,
  "kg_co2_emissions": null,
  "mteb_version": "1.14.20",
  "scores": {
    "test": [
      {
        "hf_subset": "default",
        "languages": [
          "eng-Latn"
        ],
        "main_score": 0.88919,
        "map_at_1": 0.78869,
        "map_at_10": 0.86056,
        "map_at_3": 0.85268,
        "map_at_5": 0.85699,
        "mrr_at_1": 0.7886904761904762,
        "mrr_at_10": 0.860557208994709,
        "mrr_at_3": 0.8526785714285714,
        "mrr_at_5": 0.8569940476190476,
        "ndcg_at_1": 0.78869,
        "ndcg_at_10": 0.88919,
        "ndcg_at_3": 0.87298,
        "ndcg_at_5": 0.88054,
        "precision_at_1": 0.78869,
        "precision_at_10": 0.09762,
        "precision_at_3": 0.31052,
        "precision_at_5": 0.18988,
        "recall_at_1": 0.78869,
        "recall_at_10": 0.97619,
        "recall_at_3": 0.93155,
        "recall_at_5": 0.9494
      }
    ]
  },
  "task_name": "LEMBSummScreenFDRetrievalChunked"
}