{
  "dataset_revision": "10039a580487dacecf79db69166e17ace3ede392",
  "evaluation_time": 16.536237955093384,
  "kg_co2_emissions": null,
  "mteb_version": "1.14.20",
  "scores": {
    "test": [
      {
        "hf_subset": "default",
        "languages": [
          "eng-Latn"
        ],
        "main_score": 0.94486,
        "map_at_1": 0.90667,
        "map_at_10": 0.93423,
        "map_at_3": 0.93333,
        "map_at_5": 0.93333,
        "mrr_at_1": 0.9066666666666666,
        "mrr_at_10": 0.9342261904761906,
        "mrr_at_3": 0.9333333333333333,
        "mrr_at_5": 0.9333333333333333,
        "ndcg_at_1": 0.90667,
        "ndcg_at_10": 0.94486,
        "ndcg_at_3": 0.9427,
        "ndcg_at_5": 0.9427,
        "precision_at_1": 0.90667,
        "precision_at_10": 0.09767,
        "precision_at_3": 0.32333,
        "precision_at_5": 0.194,
        "recall_at_1": 0.90667,
        "recall_at_10": 0.97667,
        "recall_at_3": 0.97,
        "recall_at_5": 0.97
      }
    ]
  },
  "task_name": "LEMBWikimQARetrievalChunked"
}