{
  "dataset_revision": "10039a580487dacecf79db69166e17ace3ede392",
  "evaluation_time": 33.797311544418335,
  "kg_co2_emissions": null,
  "mteb_version": "1.14.20",
  "scores": {
    "test": [
      {
        "hf_subset": "default",
        "languages": [
          "eng-Latn"
        ],
        "main_score": 0.56433,
        "map_at_1": 0.42371,
        "map_at_10": 0.51527,
        "map_at_20": 0.52098,
        "map_at_3": 0.48985,
        "map_at_5": 0.50403,
        "mrr_at_1": 0.42370661427635886,
        "mrr_at_10": 0.5152693319196265,
        "mrr_at_20": 0.5209754242570668,
        "mrr_at_3": 0.48984937786509497,
        "mrr_at_5": 0.5040275049115913,
        "ndcg_at_1": 0.42371,
        "ndcg_at_10": 0.56433,
        "ndcg_at_20": 0.58561,
        "ndcg_at_3": 0.51107,
        "ndcg_at_5": 0.5368,
        "precision_at_1": 0.42371,
        "precision_at_10": 0.0721,
        "precision_at_20": 0.04031,
        "precision_at_3": 0.19079,
        "precision_at_5": 0.12705,
        "recall_at_1": 0.42371,
        "recall_at_10": 0.72102,
        "recall_at_20": 0.80616,
        "recall_at_3": 0.57236,
        "recall_at_5": 0.63523
      }
    ]
  },
  "task_name": "LEMBQMSumRetrievalChunked"
}