{
  "dataset_revision": "10039a580487dacecf79db69166e17ace3ede392",
  "evaluation_time": 34.07488179206848,
  "kg_co2_emissions": null,
  "mteb_version": "1.14.20",
  "scores": {
    "test": [
      {
        "hf_subset": "default",
        "languages": [
          "eng-Latn"
        ],
        "main_score": 0.56988,
        "map_at_1": 0.42698,
        "map_at_10": 0.52032,
        "map_at_20": 0.52581,
        "map_at_3": 0.49356,
        "map_at_5": 0.50839,
        "mrr_at_1": 0.426981008513425,
        "mrr_at_10": 0.520315277387969,
        "mrr_at_20": 0.5258095925001836,
        "mrr_at_3": 0.49356035800043657,
        "mrr_at_5": 0.5083933638943462,
        "ndcg_at_1": 0.42698,
        "ndcg_at_10": 0.56988,
        "ndcg_at_20": 0.59002,
        "ndcg_at_3": 0.51484,
        "ndcg_at_5": 0.54142,
        "precision_at_1": 0.42698,
        "precision_at_10": 0.07276,
        "precision_at_20": 0.04037,
        "precision_at_3": 0.1921,
        "precision_at_5": 0.12809,
        "recall_at_1": 0.42698,
        "recall_at_10": 0.72757,
        "recall_at_20": 0.80747,
        "recall_at_3": 0.57629,
        "recall_at_5": 0.64047
      }
    ]
  },
  "task_name": "LEMBQMSumRetrievalChunked"
}