{
  "dataset_revision": "10039a580487dacecf79db69166e17ace3ede392",
  "evaluation_time": 16.640787363052368,
  "kg_co2_emissions": null,
  "mteb_version": "1.14.20",
  "scores": {
    "test": [
      {
        "hf_subset": "default",
        "languages": [
          "eng-Latn"
        ],
        "main_score": 0.87932,
        "map_at_1": 0.77083,
        "map_at_10": 0.84754,
        "map_at_3": 0.83631,
        "map_at_5": 0.84375,
        "mrr_at_1": 0.7708333333333334,
        "mrr_at_10": 0.847535194633409,
        "mrr_at_3": 0.8363095238095238,
        "mrr_at_5": 0.84375,
        "ndcg_at_1": 0.77083,
        "ndcg_at_10": 0.87932,
        "ndcg_at_3": 0.857,
        "ndcg_at_5": 0.87045,
        "precision_at_1": 0.77083,
        "precision_at_10": 0.09762,
        "precision_at_3": 0.30556,
        "precision_at_5": 0.18988,
        "recall_at_1": 0.77083,
        "recall_at_10": 0.97619,
        "recall_at_3": 0.91667,
        "recall_at_5": 0.9494
      }
    ]
  },
  "task_name": "LEMBSummScreenFDRetrievalChunked"
}