{
  "dataset_revision": "10039a580487dacecf79db69166e17ace3ede392",
  "evaluation_time": 15.625593185424805,
  "kg_co2_emissions": null,
  "mteb_version": "1.14.20",
  "scores": {
    "test": [
      {
        "hf_subset": "default",
        "languages": [
          "eng-Latn"
        ],
        "main_score": 0.94987,
        "map_at_1": 0.91333,
        "map_at_10": 0.93901,
        "map_at_3": 0.93389,
        "map_at_5": 0.93772,
        "mrr_at_1": 0.9133333333333333,
        "mrr_at_10": 0.9390079365079366,
        "mrr_at_3": 0.933888888888889,
        "mrr_at_5": 0.9377222222222222,
        "ndcg_at_1": 0.91333,
        "ndcg_at_10": 0.94987,
        "ndcg_at_3": 0.9398,
        "ndcg_at_5": 0.94669,
        "precision_at_1": 0.91333,
        "precision_at_10": 0.09833,
        "precision_at_3": 0.31889,
        "precision_at_5": 0.19467,
        "recall_at_1": 0.91333,
        "recall_at_10": 0.98333,
        "recall_at_3": 0.95667,
        "recall_at_5": 0.97333
      }
    ]
  },
  "task_name": "LEMBWikimQARetrievalChunked"
}