{
  "dataset_revision": "10039a580487dacecf79db69166e17ace3ede392",
  "evaluation_time": 38.28924012184143,
  "kg_co2_emissions": null,
  "mteb_version": "1.14.20",
  "scores": {
    "test": [
      {
        "hf_subset": "default",
        "languages": [
          "eng-Latn"
        ],
        "main_score": 0.57083,
        "map_at_1": 0.42895,
        "map_at_10": 0.52134,
        "map_at_20": 0.52685,
        "map_at_3": 0.49552,
        "map_at_5": 0.5101,
        "mrr_at_1": 0.4289456450556647,
        "mrr_at_10": 0.5213446325921768,
        "mrr_at_20": 0.5268485590590946,
        "mrr_at_3": 0.49552499454267623,
        "mrr_at_5": 0.5100960488976206,
        "ndcg_at_1": 0.42895,
        "ndcg_at_10": 0.57083,
        "ndcg_at_20": 0.59108,
        "ndcg_at_3": 0.51743,
        "ndcg_at_5": 0.54378,
        "precision_at_1": 0.42895,
        "precision_at_10": 0.07282,
        "precision_at_20": 0.04044,
        "precision_at_3": 0.19363,
        "precision_at_5": 0.12901,
        "recall_at_1": 0.42895,
        "recall_at_10": 0.72823,
        "recall_at_20": 0.80878,
        "recall_at_3": 0.58088,
        "recall_at_5": 0.64506
      }
    ]
  },
  "task_name": "LEMBQMSumRetrievalChunked"
}