{
  "dataset_revision": "10039a580487dacecf79db69166e17ace3ede392",
  "evaluation_time": 21.060544967651367,
  "kg_co2_emissions": null,
  "mteb_version": "1.14.20",
  "scores": {
    "test": [
      {
        "hf_subset": "default",
        "languages": [
          "eng-Latn"
        ],
        "main_score": 0.89083,
        "map_at_1": 0.79762,
        "map_at_10": 0.86375,
        "map_at_3": 0.85417,
        "map_at_5": 0.86027,
        "mrr_at_1": 0.7976190476190477,
        "mrr_at_10": 0.8637518896447467,
        "mrr_at_3": 0.8541666666666666,
        "mrr_at_5": 0.8602678571428571,
        "ndcg_at_1": 0.79762,
        "ndcg_at_10": 0.89083,
        "ndcg_at_3": 0.87181,
        "ndcg_at_5": 0.88282,
        "precision_at_1": 0.79762,
        "precision_at_10": 0.09732,
        "precision_at_3": 0.30754,
        "precision_at_5": 0.18988,
        "recall_at_1": 0.79762,
        "recall_at_10": 0.97321,
        "recall_at_3": 0.92262,
        "recall_at_5": 0.9494
      }
    ]
  },
  "task_name": "LEMBSummScreenFDRetrievalChunked"
}