{
  "dataset_revision": "10039a580487dacecf79db69166e17ace3ede392",
  "evaluation_time": 441.941686630249,
  "kg_co2_emissions": null,
  "mteb_version": "1.14.20",
  "scores": {
    "test": [
      {
        "hf_subset": "default",
        "languages": [
          "eng-Latn"
        ],
        "main_score": 0.62432,
        "map_at_1": 0.48134,
        "map_at_10": 0.57465,
        "map_at_20": 0.57982,
        "map_at_3": 0.54923,
        "map_at_5": 0.56285,
        "mrr_at_1": 0.481335952848723,
        "mrr_at_10": 0.5746509911539381,
        "mrr_at_20": 0.5798247824096785,
        "mrr_at_3": 0.549225060030561,
        "mrr_at_5": 0.5628465400567562,
        "ndcg_at_1": 0.48134,
        "ndcg_at_10": 0.62432,
        "ndcg_at_20": 0.64351,
        "ndcg_at_3": 0.57116,
        "ndcg_at_5": 0.59585,
        "precision_at_1": 0.48134,
        "precision_at_10": 0.07826,
        "precision_at_20": 0.04296,
        "precision_at_3": 0.21153,
        "precision_at_5": 0.13897,
        "recall_at_1": 0.48134,
        "recall_at_10": 0.78258,
        "recall_at_20": 0.8592,
        "recall_at_3": 0.63458,
        "recall_at_5": 0.69483
      }
    ]
  },
  "task_name": "LEMBQMSumRetrievalChunked"
}