{
  "dataset_revision": "10039a580487dacecf79db69166e17ace3ede392",
  "evaluation_time": 114.65108251571655,
  "kg_co2_emissions": null,
  "mteb_version": "1.14.20",
  "scores": {
    "test": [
      {
        "hf_subset": "default",
        "languages": [
          "eng-Latn"
        ],
        "main_score": 0.9728,
        "map_at_1": 0.95,
        "map_at_10": 0.96614,
        "map_at_20": 0.96636,
        "map_at_3": 0.96389,
        "map_at_5": 0.96539,
        "mrr_at_1": 0.95,
        "mrr_at_10": 0.9661388888888888,
        "mrr_at_20": 0.9663611111111112,
        "mrr_at_3": 0.9638888888888889,
        "mrr_at_5": 0.965388888888889,
        "ndcg_at_1": 0.95,
        "ndcg_at_10": 0.9728,
        "ndcg_at_20": 0.97363,
        "ndcg_at_3": 0.96806,
        "ndcg_at_5": 0.97078,
        "precision_at_1": 0.95,
        "precision_at_10": 0.09933,
        "precision_at_20": 0.04983,
        "precision_at_3": 0.32667,
        "precision_at_5": 0.19733,
        "recall_at_1": 0.95,
        "recall_at_10": 0.99333,
        "recall_at_20": 0.99667,
        "recall_at_3": 0.98,
        "recall_at_5": 0.98667
      }
    ]
  },
  "task_name": "LEMBWikimQARetrievalChunked"
}