{
  "dataset_revision": "10039a580487dacecf79db69166e17ace3ede392",
  "evaluation_time": 139.2442500591278,
  "kg_co2_emissions": null,
  "mteb_version": "1.14.20",
  "scores": {
    "test": [
      {
        "hf_subset": "default",
        "languages": [
          "eng-Latn"
        ],
        "main_score": 0.91679,
        "map_at_1": 0.83333,
        "map_at_10": 0.89142,
        "map_at_20": 0.89142,
        "map_at_3": 0.87847,
        "map_at_5": 0.88963,
        "mrr_at_1": 0.8333333333333334,
        "mrr_at_10": 0.8914186507936508,
        "mrr_at_20": 0.8914186507936508,
        "mrr_at_3": 0.8784722222222223,
        "mrr_at_5": 0.8896329365079365,
        "ndcg_at_1": 0.83333,
        "ndcg_at_10": 0.91679,
        "ndcg_at_20": 0.91679,
        "ndcg_at_3": 0.89289,
        "ndcg_at_5": 0.91275,
        "precision_at_1": 0.83333,
        "precision_at_10": 0.0994,
        "precision_at_20": 0.0497,
        "precision_at_3": 0.31151,
        "precision_at_5": 0.19643,
        "recall_at_1": 0.83333,
        "recall_at_10": 0.99405,
        "recall_at_20": 0.99405,
        "recall_at_3": 0.93452,
        "recall_at_5": 0.98214
      }
    ]
  },
  "task_name": "LEMBSummScreenFDRetrievalChunked"
}