{
  "dataset_revision": "10039a580487dacecf79db69166e17ace3ede392",
  "evaluation_time": 484.68729400634766,
  "kg_co2_emissions": null,
  "mteb_version": "1.14.20",
  "scores": {
    "test": [
      {
        "hf_subset": "default",
        "languages": [
          "eng-Latn"
        ],
        "main_score": 0.70607,
        "map_at_1": 0.50298,
        "map_at_10": 0.63553,
        "map_at_20": 0.6394,
        "map_at_3": 0.59772,
        "map_at_5": 0.62197,
        "mrr_at_1": 0.5029761904761905,
        "mrr_at_10": 0.6355324074074075,
        "mrr_at_20": 0.6393996706102799,
        "mrr_at_3": 0.597718253968254,
        "mrr_at_5": 0.6219742063492063,
        "ndcg_at_1": 0.50298,
        "ndcg_at_10": 0.70607,
        "ndcg_at_20": 0.7203,
        "ndcg_at_3": 0.63056,
        "ndcg_at_5": 0.67386,
        "precision_at_1": 0.50298,
        "precision_at_10": 0.09286,
        "precision_at_20": 0.04926,
        "precision_at_3": 0.24206,
        "precision_at_5": 0.16607,
        "recall_at_1": 0.50298,
        "recall_at_10": 0.92857,
        "recall_at_20": 0.98512,
        "recall_at_3": 0.72619,
        "recall_at_5": 0.83036
      }
    ]
  },
  "task_name": "LEMBSummScreenFDRetrievalChunked"
}