{
  "dataset_revision": "10039a580487dacecf79db69166e17ace3ede392",
  "evaluation_time": 435.66471695899963,
  "kg_co2_emissions": null,
  "mteb_version": "1.14.20",
  "scores": {
    "test": [
      {
        "hf_subset": "default",
        "languages": [
          "eng-Latn"
        ],
        "main_score": 0.92234,
        "map_at_1": 0.86,
        "map_at_10": 0.90339,
        "map_at_20": 0.90372,
        "map_at_3": 0.89667,
        "map_at_5": 0.902,
        "mrr_at_1": 0.86,
        "mrr_at_10": 0.9033888888888888,
        "mrr_at_20": 0.9037222222222222,
        "mrr_at_3": 0.8966666666666666,
        "mrr_at_5": 0.902,
        "ndcg_at_1": 0.86,
        "ndcg_at_10": 0.92234,
        "ndcg_at_20": 0.92386,
        "ndcg_at_3": 0.90944,
        "ndcg_at_5": 0.91905,
        "precision_at_1": 0.86,
        "precision_at_10": 0.098,
        "precision_at_20": 0.04933,
        "precision_at_3": 0.31556,
        "precision_at_5": 0.194,
        "recall_at_1": 0.86,
        "recall_at_10": 0.98,
        "recall_at_20": 0.98667,
        "recall_at_3": 0.94667,
        "recall_at_5": 0.97
      }
    ]
  },
  "task_name": "LEMBWikimQARetrievalChunked"
}