{
  "dataset_revision": "10039a580487dacecf79db69166e17ace3ede392",
  "evaluation_time": 18.07439875602722,
  "kg_co2_emissions": null,
  "mteb_version": "1.14.20",
  "scores": {
    "test": [
      {
        "hf_subset": "default",
        "languages": [
          "eng-Latn"
        ],
        "main_score": 0.9528,
        "map_at_1": 0.92,
        "map_at_10": 0.94381,
        "map_at_3": 0.94167,
        "map_at_5": 0.94233,
        "mrr_at_1": 0.92,
        "mrr_at_10": 0.9438148148148148,
        "mrr_at_3": 0.9416666666666667,
        "mrr_at_5": 0.9423333333333332,
        "ndcg_at_1": 0.92,
        "ndcg_at_10": 0.9528,
        "ndcg_at_3": 0.94813,
        "ndcg_at_5": 0.94942,
        "precision_at_1": 0.92,
        "precision_at_10": 0.098,
        "precision_at_3": 0.32222,
        "precision_at_5": 0.194,
        "recall_at_1": 0.92,
        "recall_at_10": 0.98,
        "recall_at_3": 0.96667,
        "recall_at_5": 0.97
      }
    ]
  },
  "task_name": "LEMBWikimQARetrievalChunked"
}