{
  "dataset_revision": "10039a580487dacecf79db69166e17ace3ede392",
  "evaluation_time": 19.22271418571472,
  "kg_co2_emissions": null,
  "mteb_version": "1.14.20",
  "scores": {
    "test": [
      {
        "hf_subset": "default",
        "languages": [
          "eng-Latn"
        ],
        "main_score": 0.88196,
        "map_at_1": 0.78274,
        "map_at_10": 0.85208,
        "map_at_3": 0.84276,
        "map_at_5": 0.84826,
        "mrr_at_1": 0.7827380952380952,
        "mrr_at_10": 0.8520833333333334,
        "mrr_at_3": 0.8427579365079365,
        "mrr_at_5": 0.8482638888888888,
        "ndcg_at_1": 0.78274,
        "ndcg_at_10": 0.88196,
        "ndcg_at_3": 0.8632,
        "ndcg_at_5": 0.87306,
        "precision_at_1": 0.78274,
        "precision_at_10": 0.09732,
        "precision_at_3": 0.30754,
        "precision_at_5": 0.18929,
        "recall_at_1": 0.78274,
        "recall_at_10": 0.97321,
        "recall_at_3": 0.92262,
        "recall_at_5": 0.94643
      }
    ]
  },
  "task_name": "LEMBSummScreenFDRetrievalChunked"
}