{
  "dataset_revision": "10039a580487dacecf79db69166e17ace3ede392",
  "evaluation_time": 26.577144145965576,
  "kg_co2_emissions": null,
  "mteb_version": "1.14.20",
  "scores": {
    "test": [
      {
        "hf_subset": "default",
        "languages": [
          "eng-Latn"
        ],
        "main_score": 0.94472,
        "map_at_1": 0.90333,
        "map_at_10": 0.9322,
        "map_at_3": 0.92833,
        "map_at_5": 0.9305,
        "mrr_at_1": 0.9033333333333333,
        "mrr_at_10": 0.932202380952381,
        "mrr_at_3": 0.9283333333333333,
        "mrr_at_5": 0.9304999999999999,
        "ndcg_at_1": 0.90333,
        "ndcg_at_10": 0.94472,
        "ndcg_at_3": 0.93647,
        "ndcg_at_5": 0.94048,
        "precision_at_1": 0.90333,
        "precision_at_10": 0.09833,
        "precision_at_3": 0.32,
        "precision_at_5": 0.194,
        "recall_at_1": 0.90333,
        "recall_at_10": 0.98333,
        "recall_at_3": 0.96,
        "recall_at_5": 0.97
      }
    ]
  },
  "task_name": "LEMBWikimQARetrievalChunked"
}