{
  "dataset_revision": "10039a580487dacecf79db69166e17ace3ede392",
  "evaluation_time": 45.77136516571045,
  "kg_co2_emissions": null,
  "mteb_version": "1.14.20",
  "scores": {
    "test": [
      {
        "hf_subset": "default",
        "languages": [
          "eng-Latn"
        ],
        "main_score": 0.57235,
        "map_at_1": 0.43091,
        "map_at_10": 0.52309,
        "map_at_20": 0.52872,
        "map_at_3": 0.49793,
        "map_at_5": 0.51197,
        "mrr_at_1": 0.4309102815979044,
        "mrr_at_10": 0.5230935749108637,
        "mrr_at_20": 0.5287177084175539,
        "mrr_at_3": 0.49792621698319145,
        "mrr_at_5": 0.5119733682602052,
        "ndcg_at_1": 0.43091,
        "ndcg_at_10": 0.57235,
        "ndcg_at_20": 0.59307,
        "ndcg_at_3": 0.52021,
        "ndcg_at_5": 0.54568,
        "precision_at_1": 0.43091,
        "precision_at_10": 0.07289,
        "precision_at_20": 0.04057,
        "precision_at_3": 0.19494,
        "precision_at_5": 0.1294,
        "recall_at_1": 0.43091,
        "recall_at_10": 0.72888,
        "recall_at_20": 0.81139,
        "recall_at_3": 0.58481,
        "recall_at_5": 0.64702
      }
    ]
  },
  "task_name": "LEMBQMSumRetrievalChunked"
}