{
  "dataset_revision": "10039a580487dacecf79db69166e17ace3ede392",
  "evaluation_time": 61.178690671920776,
  "kg_co2_emissions": null,
  "mteb_version": "1.14.20",
  "scores": {
    "test": [
      {
        "hf_subset": "default",
        "languages": [
          "eng-Latn"
        ],
        "main_score": 0.57081,
        "map_at_1": 0.42764,
        "map_at_10": 0.52091,
        "map_at_20": 0.52621,
        "map_at_3": 0.49476,
        "map_at_5": 0.51012,
        "mrr_at_1": 0.42763588736083824,
        "mrr_at_10": 0.5209119447822788,
        "mrr_at_20": 0.5262128450125312,
        "mrr_at_3": 0.4947609692206942,
        "mrr_at_5": 0.5101178781925344,
        "ndcg_at_1": 0.42764,
        "ndcg_at_10": 0.57081,
        "ndcg_at_20": 0.59048,
        "ndcg_at_3": 0.51686,
        "ndcg_at_5": 0.54459,
        "precision_at_1": 0.42764,
        "precision_at_10": 0.07295,
        "precision_at_20": 0.04041,
        "precision_at_3": 0.19363,
        "precision_at_5": 0.12967,
        "recall_at_1": 0.42764,
        "recall_at_10": 0.72954,
        "recall_at_20": 0.80812,
        "recall_at_3": 0.58088,
        "recall_at_5": 0.64833
      }
    ]
  },
  "task_name": "LEMBQMSumRetrievalChunked"
}