{
  "dataset_revision": "10039a580487dacecf79db69166e17ace3ede392",
  "evaluation_time": 45.90134239196777,
  "kg_co2_emissions": null,
  "mteb_version": "1.14.20",
  "scores": {
    "test": [
      {
        "hf_subset": "default",
        "languages": [
          "eng-Latn"
        ],
        "main_score": 0.571,
        "map_at_1": 0.42829,
        "map_at_10": 0.52151,
        "map_at_20": 0.52705,
        "map_at_3": 0.49596,
        "map_at_5": 0.5103,
        "mrr_at_1": 0.42829076620825146,
        "mrr_at_10": 0.5215057535784451,
        "mrr_at_20": 0.5270534163370235,
        "mrr_at_3": 0.4959615804409518,
        "mrr_at_5": 0.5103034271993014,
        "ndcg_at_1": 0.42829,
        "ndcg_at_10": 0.571,
        "ndcg_at_20": 0.59141,
        "ndcg_at_3": 0.51826,
        "ndcg_at_5": 0.54413,
        "precision_at_1": 0.42829,
        "precision_at_10": 0.07282,
        "precision_at_20": 0.04047,
        "precision_at_3": 0.19428,
        "precision_at_5": 0.12914,
        "recall_at_1": 0.42829,
        "recall_at_10": 0.72823,
        "recall_at_20": 0.80943,
        "recall_at_3": 0.58284,
        "recall_at_5": 0.64571
      }
    ]
  },
  "task_name": "LEMBQMSumRetrievalChunked"
}