{
  "dataset_revision": "10039a580487dacecf79db69166e17ace3ede392",
  "evaluation_time": 28.929830312728882,
  "kg_co2_emissions": null,
  "mteb_version": "1.14.20",
  "scores": {
    "test": [
      {
        "hf_subset": "default",
        "languages": [
          "eng-Latn"
        ],
        "main_score": 0.888,
        "map_at_1": 0.78869,
        "map_at_10": 0.85985,
        "map_at_3": 0.85069,
        "map_at_5": 0.85694,
        "mrr_at_1": 0.7886904761904762,
        "mrr_at_10": 0.8598462301587302,
        "mrr_at_3": 0.8506944444444444,
        "mrr_at_5": 0.8569444444444445,
        "ndcg_at_1": 0.78869,
        "ndcg_at_10": 0.888,
        "ndcg_at_3": 0.87,
        "ndcg_at_5": 0.88115,
        "precision_at_1": 0.78869,
        "precision_at_10": 0.09732,
        "precision_at_3": 0.30853,
        "precision_at_5": 0.19048,
        "recall_at_1": 0.78869,
        "recall_at_10": 0.97321,
        "recall_at_3": 0.9256,
        "recall_at_5": 0.95238
      }
    ]
  },
  "task_name": "LEMBSummScreenFDRetrievalChunked"
}