{
  "dataset_revision": "10039a580487dacecf79db69166e17ace3ede392",
  "evaluation_time": 34.675989389419556,
  "kg_co2_emissions": null,
  "mteb_version": "1.14.20",
  "scores": {
    "test": [
      {
        "hf_subset": "default",
        "languages": [
          "eng-Latn"
        ],
        "main_score": 0.57228,
        "map_at_1": 0.43484,
        "map_at_10": 0.52436,
        "map_at_20": 0.5299,
        "map_at_3": 0.49793,
        "map_at_5": 0.51325,
        "mrr_at_1": 0.4348395546823838,
        "mrr_at_10": 0.5243643517219155,
        "mrr_at_20": 0.5298984772829408,
        "mrr_at_3": 0.49792621698319145,
        "mrr_at_5": 0.513250382012661,
        "ndcg_at_1": 0.43484,
        "ndcg_at_10": 0.57228,
        "ndcg_at_20": 0.59247,
        "ndcg_at_3": 0.51793,
        "ndcg_at_5": 0.54549,
        "precision_at_1": 0.43484,
        "precision_at_10": 0.0725,
        "precision_at_20": 0.04024,
        "precision_at_3": 0.19188,
        "precision_at_5": 0.12849,
        "recall_at_1": 0.43484,
        "recall_at_10": 0.72495,
        "recall_at_20": 0.80485,
        "recall_at_3": 0.57564,
        "recall_at_5": 0.64244
      }
    ]
  },
  "task_name": "LEMBQMSumRetrievalChunked"
}