{
  "dataset_revision": "6e346642246bfb4928c560ee08640dc84d074e8c",
  "evaluation_time": 14.820404767990112,
  "kg_co2_emissions": null,
  "mteb_version": "1.14.20",
  "scores": {
    "test": [
      {
        "hf_subset": "default",
        "languages": [
          "eng-Latn"
        ],
        "main_score": 0.9417,
        "map_at_1": 0.90333,
        "map_at_10": 0.93037,
        "map_at_3": 0.92722,
        "map_at_5": 0.92872,
        "mrr_at_1": 0.9033333333333333,
        "mrr_at_10": 0.9303650793650794,
        "mrr_at_3": 0.9272222222222223,
        "mrr_at_5": 0.9287222222222222,
        "ndcg_at_1": 0.90333,
        "ndcg_at_10": 0.9417,
        "ndcg_at_3": 0.9348,
        "ndcg_at_5": 0.93753,
        "precision_at_1": 0.90333,
        "precision_at_10": 0.09767,
        "precision_at_3": 0.31889,
        "precision_at_5": 0.19267,
        "recall_at_1": 0.90333,
        "recall_at_10": 0.97667,
        "recall_at_3": 0.95667,
        "recall_at_5": 0.96333
      }
    ]
  },
  "task_name": "LEMBWikimQARetrievalChunked"
}