{
  "dataset_revision": "10039a580487dacecf79db69166e17ace3ede392",
  "evaluation_time": 16.89709448814392,
  "kg_co2_emissions": null,
  "mteb_version": "1.14.20",
  "scores": {
    "test": [
      {
        "hf_subset": "default",
        "languages": [
          "eng-Latn"
        ],
        "main_score": 0.88061,
        "map_at_1": 0.78274,
        "map_at_10": 0.85128,
        "map_at_3": 0.83879,
        "map_at_5": 0.84846,
        "mrr_at_1": 0.7827380952380952,
        "mrr_at_10": 0.8512849584278156,
        "mrr_at_3": 0.8387896825396824,
        "mrr_at_5": 0.8484623015873015,
        "ndcg_at_1": 0.78274,
        "ndcg_at_10": 0.88061,
        "ndcg_at_3": 0.85654,
        "ndcg_at_5": 0.87383,
        "precision_at_1": 0.78274,
        "precision_at_10": 0.09702,
        "precision_at_3": 0.30258,
        "precision_at_5": 0.18988,
        "recall_at_1": 0.78274,
        "recall_at_10": 0.97024,
        "recall_at_3": 0.90774,
        "recall_at_5": 0.9494
      }
    ]
  },
  "task_name": "LEMBSummScreenFDRetrievalChunked"
}