{
  "dataset_revision": "10039a580487dacecf79db69166e17ace3ede392",
  "evaluation_time": 61.05208373069763,
  "kg_co2_emissions": null,
  "mteb_version": "1.14.20",
  "scores": {
    "test": [
      {
        "hf_subset": "default",
        "languages": [
          "eng-Latn"
        ],
        "main_score": 0.96675,
        "map_at_1": 0.94333,
        "map_at_10": 0.96026,
        "map_at_3": 0.95889,
        "map_at_5": 0.95956,
        "mrr_at_1": 0.9433333333333334,
        "mrr_at_10": 0.9602592592592593,
        "mrr_at_3": 0.9588888888888889,
        "mrr_at_5": 0.9595555555555556,
        "ndcg_at_1": 0.94333,
        "ndcg_at_10": 0.96675,
        "ndcg_at_3": 0.96349,
        "ndcg_at_5": 0.96478,
        "precision_at_1": 0.94333,
        "precision_at_10": 0.09867,
        "precision_at_3": 0.32556,
        "precision_at_5": 0.196,
        "recall_at_1": 0.94333,
        "recall_at_10": 0.98667,
        "recall_at_3": 0.97667,
        "recall_at_5": 0.98
      }
    ]
  },
  "task_name": "LEMBWikimQARetrievalChunked"
}