{
  "dataset_revision": "10039a580487dacecf79db69166e17ace3ede392",
  "evaluation_time": 100.60042762756348,
  "kg_co2_emissions": null,
  "mteb_version": "1.14.20",
  "scores": {
    "test": [
      {
        "hf_subset": "default",
        "languages": [
          "eng-Latn"
        ],
        "main_score": 0.91536,
        "map_at_1": 0.82738,
        "map_at_10": 0.89029,
        "map_at_20": 0.89049,
        "map_at_3": 0.88046,
        "map_at_5": 0.88805,
        "mrr_at_1": 0.8273809523809523,
        "mrr_at_10": 0.8902895880574452,
        "mrr_at_20": 0.8904880007558579,
        "mrr_at_3": 0.8804563492063492,
        "mrr_at_5": 0.8880456349206349,
        "ndcg_at_1": 0.82738,
        "ndcg_at_10": 0.91536,
        "ndcg_at_20": 0.91611,
        "ndcg_at_3": 0.89672,
        "ndcg_at_5": 0.91029,
        "precision_at_1": 0.82738,
        "precision_at_10": 0.09911,
        "precision_at_20": 0.0497,
        "precision_at_3": 0.31448,
        "precision_at_5": 0.19524,
        "recall_at_1": 0.82738,
        "recall_at_10": 0.99107,
        "recall_at_20": 0.99405,
        "recall_at_3": 0.94345,
        "recall_at_5": 0.97619
      }
    ]
  },
  "task_name": "LEMBSummScreenFDRetrievalChunked"
}