{
  "dataset_revision": "10039a580487dacecf79db69166e17ace3ede392",
  "evaluation_time": 22.649596452713013,
  "kg_co2_emissions": null,
  "mteb_version": "1.14.20",
  "scores": {
    "test": [
      {
        "hf_subset": "default",
        "languages": [
          "eng-Latn"
        ],
        "main_score": 0.8917,
        "map_at_1": 0.79762,
        "map_at_10": 0.86487,
        "map_at_3": 0.85665,
        "map_at_5": 0.86171,
        "mrr_at_1": 0.7976190476190477,
        "mrr_at_10": 0.8648679610733181,
        "mrr_at_3": 0.8566468253968254,
        "mrr_at_5": 0.8617063492063493,
        "ndcg_at_1": 0.79762,
        "ndcg_at_10": 0.8917,
        "ndcg_at_3": 0.87518,
        "ndcg_at_5": 0.88402,
        "precision_at_1": 0.79762,
        "precision_at_10": 0.09732,
        "precision_at_3": 0.30952,
        "precision_at_5": 0.18988,
        "recall_at_1": 0.79762,
        "recall_at_10": 0.97321,
        "recall_at_3": 0.92857,
        "recall_at_5": 0.9494
      }
    ]
  },
  "task_name": "LEMBSummScreenFDRetrievalChunked"
}