{
  "dataset_revision": "10039a580487dacecf79db69166e17ace3ede392",
  "evaluation_time": 39.476019859313965,
  "kg_co2_emissions": null,
  "mteb_version": "1.14.20",
  "scores": {
    "test": [
      {
        "hf_subset": "default",
        "languages": [
          "eng-Latn"
        ],
        "main_score": 0.57129,
        "map_at_1": 0.42895,
        "map_at_10": 0.52168,
        "map_at_20": 0.52722,
        "map_at_3": 0.49596,
        "map_at_5": 0.51083,
        "mrr_at_1": 0.4289456450556647,
        "mrr_at_10": 0.5216759701042609,
        "mrr_at_20": 0.5272231690823965,
        "mrr_at_3": 0.4959615804409518,
        "mrr_at_5": 0.510827330277232,
        "ndcg_at_1": 0.42895,
        "ndcg_at_10": 0.57129,
        "ndcg_at_20": 0.5916,
        "ndcg_at_3": 0.5184,
        "ndcg_at_5": 0.54514,
        "precision_at_1": 0.42895,
        "precision_at_10": 0.07289,
        "precision_at_20": 0.04047,
        "precision_at_3": 0.1945,
        "precision_at_5": 0.12967,
        "recall_at_1": 0.42895,
        "recall_at_10": 0.72888,
        "recall_at_20": 0.80943,
        "recall_at_3": 0.5835,
        "recall_at_5": 0.64833
      }
    ]
  },
  "task_name": "LEMBQMSumRetrievalChunked"
}