{
  "dataset_revision": "10039a580487dacecf79db69166e17ace3ede392",
  "evaluation_time": 49.614307165145874,
  "kg_co2_emissions": null,
  "mteb_version": "1.14.20",
  "scores": {
    "test": [
      {
        "hf_subset": "default",
        "languages": [
          "eng-Latn"
        ],
        "main_score": 0.8939,
        "map_at_1": 0.79167,
        "map_at_10": 0.86543,
        "map_at_20": 0.86627,
        "map_at_3": 0.85764,
        "map_at_5": 0.86314,
        "mrr_at_1": 0.7916666666666666,
        "mrr_at_10": 0.8654301303854876,
        "mrr_at_20": 0.8662683324924866,
        "mrr_at_3": 0.857638888888889,
        "mrr_at_5": 0.8631448412698413,
        "ndcg_at_1": 0.79167,
        "ndcg_at_10": 0.8939,
        "ndcg_at_20": 0.89693,
        "ndcg_at_3": 0.87893,
        "ndcg_at_5": 0.88879,
        "precision_at_1": 0.79167,
        "precision_at_10": 0.09792,
        "precision_at_20": 0.04955,
        "precision_at_3": 0.31349,
        "precision_at_5": 0.19286,
        "recall_at_1": 0.79167,
        "recall_at_10": 0.97917,
        "recall_at_20": 0.99107,
        "recall_at_3": 0.94048,
        "recall_at_5": 0.96429
      }
    ]
  },
  "task_name": "LEMBSummScreenFDRetrievalChunked"
}