{
  "dataset_revision": "10039a580487dacecf79db69166e17ace3ede392",
  "evaluation_time": 31.02289605140686,
  "kg_co2_emissions": null,
  "mteb_version": "1.14.20",
  "scores": {
    "test": [
      {
        "hf_subset": "default",
        "languages": [
          "eng-Latn"
        ],
        "main_score": 0.89229,
        "map_at_1": 0.8006,
        "map_at_10": 0.8657,
        "map_at_3": 0.85665,
        "map_at_5": 0.86245,
        "mrr_at_1": 0.8005952380952381,
        "mrr_at_10": 0.8657029478458049,
        "mrr_at_3": 0.8566468253968254,
        "mrr_at_5": 0.8624503968253969,
        "ndcg_at_1": 0.8006,
        "ndcg_at_10": 0.89229,
        "ndcg_at_3": 0.8744,
        "ndcg_at_5": 0.88452,
        "precision_at_1": 0.8006,
        "precision_at_10": 0.09732,
        "precision_at_3": 0.30853,
        "precision_at_5": 0.18988,
        "recall_at_1": 0.8006,
        "recall_at_10": 0.97321,
        "recall_at_3": 0.9256,
        "recall_at_5": 0.9494
      }
    ]
  },
  "task_name": "LEMBSummScreenFDRetrievalChunked"
}