{
  "dataset_revision": "6e346642246bfb4928c560ee08640dc84d074e8c",
  "evaluation_time": 28.279660940170288,
  "kg_co2_emissions": null,
  "mteb_version": "1.14.20",
  "scores": {
    "test": [
      {
        "hf_subset": "default",
        "languages": [
          "eng-Latn"
        ],
        "main_score": 0.94569,
        "map_at_1": 0.90667,
        "map_at_10": 0.93356,
        "map_at_3": 0.92889,
        "map_at_5": 0.93122,
        "mrr_at_1": 0.9066666666666666,
        "mrr_at_10": 0.9335595238095238,
        "mrr_at_3": 0.928888888888889,
        "mrr_at_5": 0.9312222222222223,
        "ndcg_at_1": 0.90667,
        "ndcg_at_10": 0.94569,
        "ndcg_at_3": 0.93603,
        "ndcg_at_5": 0.94019,
        "precision_at_1": 0.90667,
        "precision_at_10": 0.09833,
        "precision_at_3": 0.31889,
        "precision_at_5": 0.19333,
        "recall_at_1": 0.90667,
        "recall_at_10": 0.98333,
        "recall_at_3": 0.95667,
        "recall_at_5": 0.96667
      }
    ]
  },
  "task_name": "LEMBWikimQARetrievalChunked"
}