{
  "dataset_revision": "10039a580487dacecf79db69166e17ace3ede392",
  "evaluation_time": 48.13499999046326,
  "kg_co2_emissions": null,
  "mteb_version": "1.14.20",
  "scores": {
    "test": [
      {
        "hf_subset": "default",
        "languages": [
          "eng-Latn"
        ],
        "main_score": 0.5719,
        "map_at_1": 0.42633,
        "map_at_10": 0.52184,
        "map_at_20": 0.52697,
        "map_at_3": 0.49673,
        "map_at_5": 0.51051,
        "mrr_at_1": 0.4263261296660118,
        "mrr_at_10": 0.5218412490514651,
        "mrr_at_20": 0.5269714581870543,
        "mrr_at_3": 0.49672560576293384,
        "mrr_at_5": 0.5105108055009823,
        "ndcg_at_1": 0.42633,
        "ndcg_at_10": 0.5719,
        "ndcg_at_20": 0.59093,
        "ndcg_at_3": 0.51968,
        "ndcg_at_5": 0.54465,
        "precision_at_1": 0.42633,
        "precision_at_10": 0.07308,
        "precision_at_20": 0.04034,
        "precision_at_3": 0.19537,
        "precision_at_5": 0.1294,
        "recall_at_1": 0.42633,
        "recall_at_10": 0.73084,
        "recall_at_20": 0.80681,
        "recall_at_3": 0.58612,
        "recall_at_5": 0.64702
      }
    ]
  },
  "task_name": "LEMBQMSumRetrievalChunked"
}