{
  "dataset_revision": "10039a580487dacecf79db69166e17ace3ede392",
  "evaluation_time": 21.172362804412842,
  "kg_co2_emissions": null,
  "mteb_version": "1.14.20",
  "scores": {
    "test": [
      {
        "hf_subset": "default",
        "languages": [
          "eng-Latn"
        ],
        "main_score": 0.89001,
        "map_at_1": 0.8006,
        "map_at_10": 0.86365,
        "map_at_3": 0.85367,
        "map_at_5": 0.86066,
        "mrr_at_1": 0.8005952380952381,
        "mrr_at_10": 0.8636526832955405,
        "mrr_at_3": 0.8536706349206349,
        "mrr_at_5": 0.8606646825396825,
        "ndcg_at_1": 0.8006,
        "ndcg_at_10": 0.89001,
        "ndcg_at_3": 0.87064,
        "ndcg_at_5": 0.88307,
        "precision_at_1": 0.8006,
        "precision_at_10": 0.09702,
        "precision_at_3": 0.30655,
        "precision_at_5": 0.18988,
        "recall_at_1": 0.8006,
        "recall_at_10": 0.97024,
        "recall_at_3": 0.91964,
        "recall_at_5": 0.9494
      }
    ]
  },
  "task_name": "LEMBSummScreenFDRetrievalChunked"
}