{
  "dataset_revision": "10039a580487dacecf79db69166e17ace3ede392",
  "evaluation_time": 38.34771919250488,
  "kg_co2_emissions": null,
  "mteb_version": "1.14.20",
  "scores": {
    "test": [
      {
        "hf_subset": "default",
        "languages": [
          "eng-Latn"
        ],
        "main_score": 0.57008,
        "map_at_1": 0.42371,
        "map_at_10": 0.51964,
        "map_at_20": 0.52517,
        "map_at_3": 0.49345,
        "map_at_5": 0.50779,
        "mrr_at_1": 0.42370661427635886,
        "mrr_at_10": 0.5196406482261099,
        "mrr_at_20": 0.5251709363866996,
        "mrr_at_3": 0.49345121152586774,
        "mrr_at_5": 0.5077930582842174,
        "ndcg_at_1": 0.42371,
        "ndcg_at_10": 0.57008,
        "ndcg_at_20": 0.5908,
        "ndcg_at_3": 0.51608,
        "ndcg_at_5": 0.54181,
        "precision_at_1": 0.42371,
        "precision_at_10": 0.07302,
        "precision_at_20": 0.04067,
        "precision_at_3": 0.19384,
        "precision_at_5": 0.12875,
        "recall_at_1": 0.42371,
        "recall_at_10": 0.73019,
        "recall_at_20": 0.81336,
        "recall_at_3": 0.58153,
        "recall_at_5": 0.64375
      }
    ]
  },
  "task_name": "LEMBQMSumRetrievalChunked"
}