{
  "dataset_revision": "6e346642246bfb4928c560ee08640dc84d074e8c",
  "evaluation_time": 19.531440019607544,
  "kg_co2_emissions": null,
  "mteb_version": "1.14.20",
  "scores": {
    "test": [
      {
        "hf_subset": "default",
        "languages": [
          "eng-Latn"
        ],
        "main_score": 0.94103,
        "map_at_1": 0.9,
        "map_at_10": 0.92838,
        "map_at_3": 0.92333,
        "map_at_5": 0.92717,
        "mrr_at_1": 0.9,
        "mrr_at_10": 0.9283835978835979,
        "mrr_at_3": 0.9233333333333333,
        "mrr_at_5": 0.9271666666666666,
        "ndcg_at_1": 0.9,
        "ndcg_at_10": 0.94103,
        "ndcg_at_3": 0.93103,
        "ndcg_at_5": 0.93792,
        "precision_at_1": 0.9,
        "precision_at_10": 0.098,
        "precision_at_3": 0.31778,
        "precision_at_5": 0.194,
        "recall_at_1": 0.9,
        "recall_at_10": 0.98,
        "recall_at_3": 0.95333,
        "recall_at_5": 0.97
      }
    ]
  },
  "task_name": "LEMBWikimQARetrievalChunked"
}