{
  "dataset_revision": "10039a580487dacecf79db69166e17ace3ede392",
  "evaluation_time": 65.4407320022583,
  "kg_co2_emissions": null,
  "mteb_version": "1.14.20",
  "scores": {
    "test": [
      {
        "hf_subset": "default",
        "languages": [
          "eng-Latn"
        ],
        "main_score": 0.95835,
        "map_at_1": 0.92333,
        "map_at_10": 0.94886,
        "map_at_20": 0.94914,
        "map_at_3": 0.94611,
        "map_at_5": 0.94844,
        "mrr_at_1": 0.9233333333333333,
        "mrr_at_10": 0.9488611111111112,
        "mrr_at_20": 0.9491388888888889,
        "mrr_at_3": 0.946111111111111,
        "mrr_at_5": 0.9484444444444445,
        "ndcg_at_1": 0.92333,
        "ndcg_at_10": 0.95835,
        "ndcg_at_20": 0.95925,
        "ndcg_at_3": 0.95313,
        "ndcg_at_5": 0.95729,
        "precision_at_1": 0.92333,
        "precision_at_10": 0.09867,
        "precision_at_20": 0.0495,
        "precision_at_3": 0.32444,
        "precision_at_5": 0.19667,
        "recall_at_1": 0.92333,
        "recall_at_10": 0.98667,
        "recall_at_20": 0.99,
        "recall_at_3": 0.97333,
        "recall_at_5": 0.98333
      }
    ]
  },
  "task_name": "LEMBWikimQARetrievalChunked"
}