{
  "dataset_revision": "10039a580487dacecf79db69166e17ace3ede392",
  "evaluation_time": 70.64590835571289,
  "kg_co2_emissions": null,
  "mteb_version": "1.14.20",
  "scores": {
    "test": [
      {
        "hf_subset": "default",
        "languages": [
          "eng-Latn"
        ],
        "main_score": 0.85213,
        "map_at_1": 0.71726,
        "map_at_10": 0.81326,
        "map_at_20": 0.81467,
        "map_at_3": 0.79613,
        "map_at_5": 0.80967,
        "mrr_at_1": 0.7172619047619048,
        "mrr_at_10": 0.8132594009826152,
        "mrr_at_20": 0.8146659309605737,
        "mrr_at_3": 0.7961309523809523,
        "mrr_at_5": 0.8096726190476191,
        "ndcg_at_1": 0.71726,
        "ndcg_at_10": 0.85213,
        "ndcg_at_20": 0.85734,
        "ndcg_at_3": 0.81962,
        "ndcg_at_5": 0.84345,
        "precision_at_1": 0.71726,
        "precision_at_10": 0.09702,
        "precision_at_20": 0.04955,
        "precision_at_3": 0.29563,
        "precision_at_5": 0.18869,
        "recall_at_1": 0.71726,
        "recall_at_10": 0.97024,
        "recall_at_20": 0.99107,
        "recall_at_3": 0.8869,
        "recall_at_5": 0.94345
      }
    ]
  },
  "task_name": "LEMBSummScreenFDRetrievalChunked"
}