{
  "dataset_revision": "10039a580487dacecf79db69166e17ace3ede392",
  "evaluation_time": 60.42517876625061,
  "kg_co2_emissions": null,
  "mteb_version": "1.14.20",
  "scores": {
    "test": [
      {
        "hf_subset": "default",
        "languages": [
          "eng-Latn"
        ],
        "main_score": 0.5714,
        "map_at_1": 0.42829,
        "map_at_10": 0.52166,
        "map_at_20": 0.52697,
        "map_at_3": 0.49552,
        "map_at_5": 0.51095,
        "mrr_at_1": 0.42829076620825146,
        "mrr_at_10": 0.521663496221453,
        "mrr_at_20": 0.5269704423103457,
        "mrr_at_3": 0.49552499454267623,
        "mrr_at_5": 0.5109473913992578,
        "ndcg_at_1": 0.42829,
        "ndcg_at_10": 0.5714,
        "ndcg_at_20": 0.59108,
        "ndcg_at_3": 0.5176,
        "ndcg_at_5": 0.54539,
        "precision_at_1": 0.42829,
        "precision_at_10": 0.07295,
        "precision_at_20": 0.04041,
        "precision_at_3": 0.19384,
        "precision_at_5": 0.1298,
        "recall_at_1": 0.42829,
        "recall_at_10": 0.72954,
        "recall_at_20": 0.80812,
        "recall_at_3": 0.58153,
        "recall_at_5": 0.64898
      }
    ]
  },
  "task_name": "LEMBQMSumRetrievalChunked"
}