{
  "dataset_revision": "6e346642246bfb4928c560ee08640dc84d074e8c",
  "evaluation_time": 19.98063826560974,
  "kg_co2_emissions": null,
  "mteb_version": "1.14.20",
  "scores": {
    "test": [
      {
        "hf_subset": "default",
        "languages": [
          "eng-Latn"
        ],
        "main_score": 0.94518,
        "map_at_1": 0.91,
        "map_at_10": 0.93492,
        "map_at_3": 0.93056,
        "map_at_5": 0.93356,
        "mrr_at_1": 0.91,
        "mrr_at_10": 0.9349206349206349,
        "mrr_at_3": 0.9305555555555556,
        "mrr_at_5": 0.9335555555555556,
        "ndcg_at_1": 0.91,
        "ndcg_at_10": 0.94518,
        "ndcg_at_3": 0.93647,
        "ndcg_at_5": 0.94192,
        "precision_at_1": 0.91,
        "precision_at_10": 0.09767,
        "precision_at_3": 0.31778,
        "precision_at_5": 0.19333,
        "recall_at_1": 0.91,
        "recall_at_10": 0.97667,
        "recall_at_3": 0.95333,
        "recall_at_5": 0.96667
      }
    ]
  },
  "task_name": "LEMBWikimQARetrievalChunked"
}