{
  "dataset_revision": "10039a580487dacecf79db69166e17ace3ede392",
  "evaluation_time": 21.771485567092896,
  "kg_co2_emissions": null,
  "mteb_version": "1.14.20",
  "scores": {
    "test": [
      {
        "hf_subset": "default",
        "languages": [
          "eng-Latn"
        ],
        "main_score": 0.88959,
        "map_at_1": 0.79762,
        "map_at_10": 0.86372,
        "map_at_3": 0.85665,
        "map_at_5": 0.86156,
        "mrr_at_1": 0.7976190476190477,
        "mrr_at_10": 0.8637188208616781,
        "mrr_at_3": 0.8566468253968254,
        "mrr_at_5": 0.8615575396825397,
        "ndcg_at_1": 0.79762,
        "ndcg_at_10": 0.88959,
        "ndcg_at_3": 0.87588,
        "ndcg_at_5": 0.8846,
        "precision_at_1": 0.79762,
        "precision_at_10": 0.09673,
        "precision_at_3": 0.31052,
        "precision_at_5": 0.19048,
        "recall_at_1": 0.79762,
        "recall_at_10": 0.96726,
        "recall_at_3": 0.93155,
        "recall_at_5": 0.95238
      }
    ]
  },
  "task_name": "LEMBSummScreenFDRetrievalChunked"
}