{
  "dataset_revision": "10039a580487dacecf79db69166e17ace3ede392",
  "evaluation_time": 38.877949237823486,
  "kg_co2_emissions": null,
  "mteb_version": "1.14.20",
  "scores": {
    "test": [
      {
        "hf_subset": "default",
        "languages": [
          "eng-Latn"
        ],
        "main_score": 0.57196,
        "map_at_1": 0.4296,
        "map_at_10": 0.52294,
        "map_at_20": 0.5287,
        "map_at_3": 0.49705,
        "map_at_5": 0.51179,
        "mrr_at_1": 0.42960052390307796,
        "mrr_at_10": 0.5229368717580898,
        "mrr_at_20": 0.5287004998766055,
        "mrr_at_3": 0.49705304518664045,
        "mrr_at_5": 0.5117878192534381,
        "ndcg_at_1": 0.4296,
        "ndcg_at_10": 0.57196,
        "ndcg_at_20": 0.59319,
        "ndcg_at_3": 0.51877,
        "ndcg_at_5": 0.54526,
        "precision_at_1": 0.4296,
        "precision_at_10": 0.07276,
        "precision_at_20": 0.0406,
        "precision_at_3": 0.19384,
        "precision_at_5": 0.12914,
        "recall_at_1": 0.4296,
        "recall_at_10": 0.72757,
        "recall_at_20": 0.81205,
        "recall_at_3": 0.58153,
        "recall_at_5": 0.64571
      }
    ]
  },
  "task_name": "LEMBQMSumRetrievalChunked"
}