{
  "dataset_revision": "10039a580487dacecf79db69166e17ace3ede392",
  "evaluation_time": 22.589195013046265,
  "kg_co2_emissions": null,
  "mteb_version": "1.14.20",
  "scores": {
    "test": [
      {
        "hf_subset": "default",
        "languages": [
          "eng-Latn"
        ],
        "main_score": 0.91776,
        "map_at_1": 0.86,
        "map_at_10": 0.89989,
        "map_at_20": 0.90087,
        "map_at_3": 0.89389,
        "map_at_5": 0.89689,
        "mrr_at_1": 0.86,
        "mrr_at_10": 0.899887566137566,
        "mrr_at_20": 0.9008698535869589,
        "mrr_at_3": 0.893888888888889,
        "mrr_at_5": 0.8968888888888888,
        "ndcg_at_1": 0.86,
        "ndcg_at_10": 0.91776,
        "ndcg_at_20": 0.92175,
        "ndcg_at_3": 0.90488,
        "ndcg_at_5": 0.91033,
        "precision_at_1": 0.86,
        "precision_at_10": 0.09733,
        "precision_at_20": 0.0495,
        "precision_at_3": 0.31222,
        "precision_at_5": 0.19,
        "recall_at_1": 0.86,
        "recall_at_10": 0.97333,
        "recall_at_20": 0.99,
        "recall_at_3": 0.93667,
        "recall_at_5": 0.95
      }
    ]
  },
  "task_name": "LEMBWikimQARetrievalChunked"
}