{
  "dataset_revision": "10039a580487dacecf79db69166e17ace3ede392",
  "evaluation_time": 23.719088792800903,
  "kg_co2_emissions": null,
  "mteb_version": "1.14.20",
  "scores": {
    "test": [
      {
        "hf_subset": "default",
        "languages": [
          "eng-Latn"
        ],
        "main_score": 0.89714,
        "map_at_1": 0.79762,
        "map_at_10": 0.86832,
        "map_at_20": 0.86871,
        "map_at_3": 0.85863,
        "map_at_5": 0.86354,
        "mrr_at_1": 0.7976190476190477,
        "mrr_at_10": 0.8683153817082389,
        "mrr_at_20": 0.8687139786470143,
        "mrr_at_3": 0.8586309523809523,
        "mrr_at_5": 0.8635416666666667,
        "ndcg_at_1": 0.79762,
        "ndcg_at_10": 0.89714,
        "ndcg_at_20": 0.89863,
        "ndcg_at_3": 0.87744,
        "ndcg_at_5": 0.88615,
        "precision_at_1": 0.79762,
        "precision_at_10": 0.09851,
        "precision_at_20": 0.04955,
        "precision_at_3": 0.31052,
        "precision_at_5": 0.19048,
        "recall_at_1": 0.79762,
        "recall_at_10": 0.98512,
        "recall_at_20": 0.99107,
        "recall_at_3": 0.93155,
        "recall_at_5": 0.95238
      }
    ]
  },
  "task_name": "LEMBSummScreenFDRetrievalChunked"
}