{
  "dataset_revision": "10039a580487dacecf79db69166e17ace3ede392",
  "evaluation_time": 121.14276123046875,
  "kg_co2_emissions": null,
  "mteb_version": "1.14.20",
  "scores": {
    "test": [
      {
        "hf_subset": "default",
        "languages": [
          "eng-Latn"
        ],
        "main_score": 0.81621,
        "map_at_1": 0.64583,
        "map_at_10": 0.76397,
        "map_at_3": 0.74454,
        "map_at_5": 0.75764,
        "mrr_at_1": 0.6458333333333334,
        "mrr_at_10": 0.7639691987906274,
        "mrr_at_3": 0.7445436507936508,
        "mrr_at_5": 0.7576388888888889,
        "ndcg_at_1": 0.64583,
        "ndcg_at_10": 0.81621,
        "ndcg_at_3": 0.77795,
        "ndcg_at_5": 0.80139,
        "precision_at_1": 0.64583,
        "precision_at_10": 0.09762,
        "precision_at_3": 0.29167,
        "precision_at_5": 0.18631,
        "recall_at_1": 0.64583,
        "recall_at_10": 0.97619,
        "recall_at_3": 0.875,
        "recall_at_5": 0.93155
      }
    ]
  },
  "task_name": "LEMBSummScreenFDRetrievalChunked"
}