{
  "dataset_revision": "10039a580487dacecf79db69166e17ace3ede392",
  "evaluation_time": 110.62627148628235,
  "kg_co2_emissions": null,
  "mteb_version": "1.14.20",
  "scores": {
    "test": [
      {
        "hf_subset": "default",
        "languages": [
          "eng-Latn"
        ],
        "main_score": 0.93753,
        "map_at_1": 0.89333,
        "map_at_10": 0.92385,
        "map_at_20": 0.92385,
        "map_at_3": 0.91778,
        "map_at_5": 0.92161,
        "mrr_at_1": 0.8933333333333333,
        "mrr_at_10": 0.9238465608465608,
        "mrr_at_20": 0.9238465608465608,
        "mrr_at_3": 0.9177777777777777,
        "mrr_at_5": 0.9216111111111112,
        "ndcg_at_1": 0.89333,
        "ndcg_at_10": 0.93753,
        "ndcg_at_20": 0.93753,
        "ndcg_at_3": 0.92524,
        "ndcg_at_5": 0.93212,
        "precision_at_1": 0.89333,
        "precision_at_10": 0.098,
        "precision_at_20": 0.049,
        "precision_at_3": 0.31556,
        "precision_at_5": 0.19267,
        "recall_at_1": 0.89333,
        "recall_at_10": 0.98,
        "recall_at_20": 0.98,
        "recall_at_3": 0.94667,
        "recall_at_5": 0.96333
      }
    ]
  },
  "task_name": "LEMBWikimQARetrievalChunked"
}