{
  "dataset_revision": "10039a580487dacecf79db69166e17ace3ede392",
  "evaluation_time": 41.24476718902588,
  "kg_co2_emissions": null,
  "mteb_version": "1.14.20",
  "scores": {
    "test": [
      {
        "hf_subset": "default",
        "languages": [
          "eng-Latn"
        ],
        "main_score": 0.86921,
        "map_at_1": 0.75595,
        "map_at_10": 0.83613,
        "map_at_20": 0.83699,
        "map_at_3": 0.82391,
        "map_at_5": 0.8315,
        "mrr_at_1": 0.7559523809523809,
        "mrr_at_10": 0.8361335506424792,
        "mrr_at_20": 0.8369887222565795,
        "mrr_at_3": 0.8239087301587301,
        "mrr_at_5": 0.8314980158730159,
        "ndcg_at_1": 0.75595,
        "ndcg_at_10": 0.86921,
        "ndcg_at_20": 0.87226,
        "ndcg_at_3": 0.84478,
        "ndcg_at_5": 0.85835,
        "precision_at_1": 0.75595,
        "precision_at_10": 0.09702,
        "precision_at_20": 0.04911,
        "precision_at_3": 0.30159,
        "precision_at_5": 0.1875,
        "recall_at_1": 0.75595,
        "recall_at_10": 0.97024,
        "recall_at_20": 0.98214,
        "recall_at_3": 0.90476,
        "recall_at_5": 0.9375
      }
    ]
  },
  "task_name": "LEMBSummScreenFDRetrievalChunked"
}