{
  "dataset_revision": "10039a580487dacecf79db69166e17ace3ede392",
  "evaluation_time": 59.90270757675171,
  "kg_co2_emissions": null,
  "mteb_version": "1.14.20",
  "scores": {
    "test": [
      {
        "hf_subset": "default",
        "languages": [
          "eng-Latn"
        ],
        "main_score": 0.57159,
        "map_at_1": 0.42895,
        "map_at_10": 0.5221,
        "map_at_20": 0.52746,
        "map_at_3": 0.49629,
        "map_at_5": 0.51142,
        "mrr_at_1": 0.4289456450556647,
        "mrr_at_10": 0.5220993025020529,
        "mrr_at_20": 0.5274577033575282,
        "mrr_at_3": 0.4962890198646584,
        "mrr_at_5": 0.5114167212399039,
        "ndcg_at_1": 0.42895,
        "ndcg_at_10": 0.57159,
        "ndcg_at_20": 0.59144,
        "ndcg_at_3": 0.51834,
        "ndcg_at_5": 0.54573,
        "precision_at_1": 0.42895,
        "precision_at_10": 0.07289,
        "precision_at_20": 0.04041,
        "precision_at_3": 0.19406,
        "precision_at_5": 0.1298,
        "recall_at_1": 0.42895,
        "recall_at_10": 0.72888,
        "recall_at_20": 0.80812,
        "recall_at_3": 0.58219,
        "recall_at_5": 0.64898
      }
    ]
  },
  "task_name": "LEMBQMSumRetrievalChunked"
}