{
  "dataset_revision": "10039a580487dacecf79db69166e17ace3ede392",
  "evaluation_time": 41.60118389129639,
  "kg_co2_emissions": null,
  "mteb_version": "1.14.20",
  "scores": {
    "test": [
      {
        "hf_subset": "default",
        "languages": [
          "eng-Latn"
        ],
        "main_score": 0.8896,
        "map_at_1": 0.79464,
        "map_at_10": 0.86285,
        "map_at_3": 0.85466,
        "map_at_5": 0.86032,
        "mrr_at_1": 0.7946428571428571,
        "mrr_at_10": 0.8628472222222223,
        "mrr_at_3": 0.8546626984126985,
        "mrr_at_5": 0.8603174603174603,
        "ndcg_at_1": 0.79464,
        "ndcg_at_10": 0.8896,
        "ndcg_at_3": 0.87369,
        "ndcg_at_5": 0.88368,
        "precision_at_1": 0.79464,
        "precision_at_10": 0.09702,
        "precision_at_3": 0.30952,
        "precision_at_5": 0.19048,
        "recall_at_1": 0.79464,
        "recall_at_10": 0.97024,
        "recall_at_3": 0.92857,
        "recall_at_5": 0.95238
      }
    ]
  },
  "task_name": "LEMBSummScreenFDRetrievalChunked"
}