{
  "dataset_revision": "10039a580487dacecf79db69166e17ace3ede392",
  "evaluation_time": 41.91482329368591,
  "kg_co2_emissions": null,
  "mteb_version": "1.14.20",
  "scores": {
    "test": [
      {
        "hf_subset": "default",
        "languages": [
          "eng-Latn"
        ],
        "main_score": 0.56813,
        "map_at_1": 0.42633,
        "map_at_10": 0.51894,
        "map_at_20": 0.5249,
        "map_at_3": 0.49301,
        "map_at_5": 0.50831,
        "mrr_at_1": 0.4263261296660118,
        "mrr_at_10": 0.5189382127004917,
        "mrr_at_20": 0.5249046808790312,
        "mrr_at_3": 0.49301462562759224,
        "mrr_at_5": 0.508306046714691,
        "ndcg_at_1": 0.42633,
        "ndcg_at_10": 0.56813,
        "ndcg_at_20": 0.59005,
        "ndcg_at_3": 0.51505,
        "ndcg_at_5": 0.54245,
        "precision_at_1": 0.42633,
        "precision_at_10": 0.07243,
        "precision_at_20": 0.04057,
        "precision_at_3": 0.19297,
        "precision_at_5": 0.12901,
        "recall_at_1": 0.42633,
        "recall_at_10": 0.7243,
        "recall_at_20": 0.81139,
        "recall_at_3": 0.57891,
        "recall_at_5": 0.64506
      }
    ]
  },
  "task_name": "LEMBQMSumRetrievalChunked"
}