{
  "dataset_revision": "10039a580487dacecf79db69166e17ace3ede392",
  "evaluation_time": 21.713423252105713,
  "kg_co2_emissions": null,
  "mteb_version": "1.14.20",
  "scores": {
    "test": [
      {
        "hf_subset": "default",
        "languages": [
          "eng-Latn"
        ],
        "main_score": 0.89332,
        "map_at_1": 0.81667,
        "map_at_10": 0.87223,
        "map_at_20": 0.87337,
        "map_at_3": 0.86667,
        "map_at_5": 0.86967,
        "mrr_at_1": 0.8166666666666667,
        "mrr_at_10": 0.8722261904761904,
        "mrr_at_20": 0.8733667133520074,
        "mrr_at_3": 0.8666666666666667,
        "mrr_at_5": 0.8696666666666666,
        "ndcg_at_1": 0.81667,
        "ndcg_at_10": 0.89332,
        "ndcg_at_20": 0.89751,
        "ndcg_at_3": 0.88214,
        "ndcg_at_5": 0.88759,
        "precision_at_1": 0.81667,
        "precision_at_10": 0.09567,
        "precision_at_20": 0.04867,
        "precision_at_3": 0.30889,
        "precision_at_5": 0.188,
        "recall_at_1": 0.81667,
        "recall_at_10": 0.95667,
        "recall_at_20": 0.97333,
        "recall_at_3": 0.92667,
        "recall_at_5": 0.94
      }
    ]
  },
  "task_name": "LEMBWikimQARetrievalChunked"
}