{
  "dataset_revision": "10039a580487dacecf79db69166e17ace3ede392",
  "evaluation_time": 22.880125284194946,
  "kg_co2_emissions": null,
  "mteb_version": "1.14.20",
  "scores": {
    "test": [
      {
        "hf_subset": "default",
        "languages": [
          "eng-Latn"
        ],
        "main_score": 0.90436,
        "map_at_1": 0.8244,
        "map_at_10": 0.88092,
        "map_at_20": 0.88152,
        "map_at_3": 0.8745,
        "map_at_5": 0.87793,
        "mrr_at_1": 0.8244047619047619,
        "mrr_at_10": 0.8809216742252456,
        "mrr_at_20": 0.8815229248264962,
        "mrr_at_3": 0.8745039682539681,
        "mrr_at_5": 0.8779265873015873,
        "ndcg_at_1": 0.8244,
        "ndcg_at_10": 0.90436,
        "ndcg_at_20": 0.90659,
        "ndcg_at_3": 0.89069,
        "ndcg_at_5": 0.89684,
        "precision_at_1": 0.8244,
        "precision_at_10": 0.09762,
        "precision_at_20": 0.04926,
        "precision_at_3": 0.3125,
        "precision_at_5": 0.19048,
        "recall_at_1": 0.8244,
        "recall_at_10": 0.97619,
        "recall_at_20": 0.98512,
        "recall_at_3": 0.9375,
        "recall_at_5": 0.95238
      }
    ]
  },
  "task_name": "LEMBSummScreenFDRetrievalChunked"
}