{
  "dataset_revision": "10039a580487dacecf79db69166e17ace3ede392",
  "evaluation_time": 41.79281163215637,
  "kg_co2_emissions": null,
  "mteb_version": "1.14.20",
  "scores": {
    "test": [
      {
        "hf_subset": "default",
        "languages": [
          "eng-Latn"
        ],
        "main_score": 0.96324,
        "map_at_1": 0.93667,
        "map_at_10": 0.95468,
        "map_at_20": 0.95486,
        "map_at_3": 0.95222,
        "map_at_5": 0.95222,
        "mrr_at_1": 0.9366666666666666,
        "mrr_at_10": 0.9546759259259259,
        "mrr_at_20": 0.954861111111111,
        "mrr_at_3": 0.9522222222222223,
        "mrr_at_5": 0.9522222222222223,
        "ndcg_at_1": 0.93667,
        "ndcg_at_10": 0.96324,
        "ndcg_at_20": 0.96402,
        "ndcg_at_3": 0.95762,
        "ndcg_at_5": 0.95762,
        "precision_at_1": 0.93667,
        "precision_at_10": 0.099,
        "precision_at_20": 0.04967,
        "precision_at_3": 0.32444,
        "precision_at_5": 0.19467,
        "recall_at_1": 0.93667,
        "recall_at_10": 0.99,
        "recall_at_20": 0.99333,
        "recall_at_3": 0.97333,
        "recall_at_5": 0.97333
      }
    ]
  },
  "task_name": "LEMBWikimQARetrievalChunked"
}