{
  "dataset_revision": "10039a580487dacecf79db69166e17ace3ede392",
  "evaluation_time": 46.49887251853943,
  "kg_co2_emissions": null,
  "mteb_version": "1.14.20",
  "scores": {
    "test": [
      {
        "hf_subset": "default",
        "languages": [
          "eng-Latn"
        ],
        "main_score": 0.89057,
        "map_at_1": 0.79167,
        "map_at_10": 0.86152,
        "map_at_20": 0.8624,
        "map_at_3": 0.85069,
        "map_at_5": 0.85873,
        "mrr_at_1": 0.7916666666666666,
        "mrr_at_10": 0.8615197467876039,
        "mrr_at_20": 0.8624014915309559,
        "mrr_at_3": 0.8506944444444444,
        "mrr_at_5": 0.8587301587301588,
        "ndcg_at_1": 0.79167,
        "ndcg_at_10": 0.89057,
        "ndcg_at_20": 0.89365,
        "ndcg_at_3": 0.86922,
        "ndcg_at_5": 0.88382,
        "precision_at_1": 0.79167,
        "precision_at_10": 0.09792,
        "precision_at_20": 0.04955,
        "precision_at_3": 0.30754,
        "precision_at_5": 0.19167,
        "recall_at_1": 0.79167,
        "recall_at_10": 0.97917,
        "recall_at_20": 0.99107,
        "recall_at_3": 0.92262,
        "recall_at_5": 0.95833
      }
    ]
  },
  "task_name": "LEMBSummScreenFDRetrievalChunked"
}