{
  "dataset_revision": "10039a580487dacecf79db69166e17ace3ede392",
  "evaluation_time": 32.38495421409607,
  "kg_co2_emissions": null,
  "mteb_version": "1.14.20",
  "scores": {
    "test": [
      {
        "hf_subset": "default",
        "languages": [
          "eng-Latn"
        ],
        "main_score": 0.56145,
        "map_at_1": 0.41912,
        "map_at_10": 0.51173,
        "map_at_20": 0.51745,
        "map_at_3": 0.4845,
        "map_at_5": 0.50084,
        "mrr_at_1": 0.41912246234446626,
        "mrr_at_10": 0.5117296078003347,
        "mrr_at_20": 0.5174488508122417,
        "mrr_at_3": 0.48450120061122026,
        "mrr_at_5": 0.5008404278541803,
        "ndcg_at_1": 0.41912,
        "ndcg_at_10": 0.56145,
        "ndcg_at_20": 0.58241,
        "ndcg_at_3": 0.50573,
        "ndcg_at_5": 0.53501,
        "precision_at_1": 0.41912,
        "precision_at_10": 0.07197,
        "precision_at_20": 0.04014,
        "precision_at_3": 0.18904,
        "precision_at_5": 0.12757,
        "recall_at_1": 0.41912,
        "recall_at_10": 0.71971,
        "recall_at_20": 0.80288,
        "recall_at_3": 0.56713,
        "recall_at_5": 0.63785
      }
    ]
  },
  "task_name": "LEMBQMSumRetrievalChunked"
}