{
  "dataset_revision": "10039a580487dacecf79db69166e17ace3ede392",
  "evaluation_time": 203.59319949150085,
  "kg_co2_emissions": null,
  "mteb_version": "1.14.20",
  "scores": {
    "test": [
      {
        "hf_subset": "default",
        "languages": [
          "eng-Latn"
        ],
        "main_score": 0.89535,
        "map_at_1": 0.83,
        "map_at_10": 0.87642,
        "map_at_3": 0.87,
        "map_at_5": 0.87367,
        "mrr_at_1": 0.83,
        "mrr_at_10": 0.8769761904761905,
        "mrr_at_3": 0.8705555555555556,
        "mrr_at_5": 0.8742222222222221,
        "ndcg_at_1": 0.83,
        "ndcg_at_10": 0.89535,
        "ndcg_at_3": 0.88206,
        "ndcg_at_5": 0.8888,
        "precision_at_1": 0.83,
        "precision_at_10": 0.09533,
        "precision_at_3": 0.30556,
        "precision_at_5": 0.18667,
        "recall_at_1": 0.83,
        "recall_at_10": 0.95333,
        "recall_at_3": 0.91667,
        "recall_at_5": 0.93333
      }
    ]
  },
  "task_name": "LEMBWikimQARetrievalChunked"
}