{
  "dataset_revision": "10039a580487dacecf79db69166e17ace3ede392",
  "evaluation_time": 28.12085223197937,
  "kg_co2_emissions": null,
  "mteb_version": "1.14.20",
  "scores": {
    "test": [
      {
        "hf_subset": "default",
        "languages": [
          "eng-Latn"
        ],
        "main_score": 0.94218,
        "map_at_1": 0.90667,
        "map_at_10": 0.92928,
        "map_at_3": 0.92389,
        "map_at_5": 0.92606,
        "mrr_at_1": 0.9066666666666666,
        "mrr_at_10": 0.9292817460317461,
        "mrr_at_3": 0.923888888888889,
        "mrr_at_5": 0.9260555555555555,
        "ndcg_at_1": 0.90667,
        "ndcg_at_10": 0.94218,
        "ndcg_at_3": 0.93052,
        "ndcg_at_5": 0.93453,
        "precision_at_1": 0.90667,
        "precision_at_10": 0.09833,
        "precision_at_3": 0.31667,
        "precision_at_5": 0.192,
        "recall_at_1": 0.90667,
        "recall_at_10": 0.98333,
        "recall_at_3": 0.95,
        "recall_at_5": 0.96
      }
    ]
  },
  "task_name": "LEMBWikimQARetrievalChunked"
}