{
  "dataset_revision": "10039a580487dacecf79db69166e17ace3ede392",
  "evaluation_time": 30.23233437538147,
  "kg_co2_emissions": null,
  "mteb_version": "1.14.20",
  "scores": {
    "test": [
      {
        "hf_subset": "default",
        "languages": [
          "eng-Latn"
        ],
        "main_score": 0.89279,
        "map_at_1": 0.78869,
        "map_at_10": 0.86062,
        "map_at_3": 0.84573,
        "map_at_5": 0.85734,
        "mrr_at_1": 0.7886904761904762,
        "mrr_at_10": 0.8606150793650794,
        "mrr_at_3": 0.8457341269841271,
        "mrr_at_5": 0.8573412698412698,
        "ndcg_at_1": 0.78869,
        "ndcg_at_10": 0.89279,
        "ndcg_at_3": 0.86469,
        "ndcg_at_5": 0.88556,
        "precision_at_1": 0.78869,
        "precision_at_10": 0.09911,
        "precision_at_3": 0.30655,
        "precision_at_5": 0.19405,
        "recall_at_1": 0.78869,
        "recall_at_10": 0.99107,
        "recall_at_3": 0.91964,
        "recall_at_5": 0.97024
      }
    ]
  },
  "task_name": "LEMBSummScreenFDRetrievalChunked"
}