{
  "dataset_revision": "10039a580487dacecf79db69166e17ace3ede392",
  "evaluation_time": 59.76712894439697,
  "kg_co2_emissions": null,
  "mteb_version": "1.14.20",
  "scores": {
    "test": [
      {
        "hf_subset": "default",
        "languages": [
          "eng-Latn"
        ],
        "main_score": 0.57078,
        "map_at_1": 0.42829,
        "map_at_10": 0.52124,
        "map_at_20": 0.52661,
        "map_at_3": 0.4952,
        "map_at_5": 0.51055,
        "mrr_at_1": 0.42829076620825146,
        "mrr_at_10": 0.5212370453529589,
        "mrr_at_20": 0.5266118548320644,
        "mrr_at_3": 0.4951975551189696,
        "mrr_at_5": 0.5105544640908098,
        "ndcg_at_1": 0.42829,
        "ndcg_at_10": 0.57078,
        "ndcg_at_20": 0.59065,
        "ndcg_at_3": 0.51719,
        "ndcg_at_5": 0.54492,
        "precision_at_1": 0.42829,
        "precision_at_10": 0.07282,
        "precision_at_20": 0.04037,
        "precision_at_3": 0.19363,
        "precision_at_5": 0.12967,
        "recall_at_1": 0.42829,
        "recall_at_10": 0.72823,
        "recall_at_20": 0.80747,
        "recall_at_3": 0.58088,
        "recall_at_5": 0.64833
      }
    ]
  },
  "task_name": "LEMBQMSumRetrievalChunked"
}