{
  "dataset_revision": "10039a580487dacecf79db69166e17ace3ede392",
  "evaluation_time": 32.886000633239746,
  "kg_co2_emissions": null,
  "mteb_version": "1.14.20",
  "scores": {
    "test": [
      {
        "hf_subset": "default",
        "languages": [
          "eng-Latn"
        ],
        "main_score": 0.56817,
        "map_at_1": 0.43353,
        "map_at_10": 0.52101,
        "map_at_20": 0.52707,
        "map_at_3": 0.49509,
        "map_at_5": 0.51113,
        "mrr_at_1": 0.4335297969875573,
        "mrr_at_10": 0.5210093969917152,
        "mrr_at_20": 0.5270617882207564,
        "mrr_at_3": 0.4950884086444008,
        "mrr_at_5": 0.5111329404060249,
        "ndcg_at_1": 0.43353,
        "ndcg_at_10": 0.56817,
        "ndcg_at_20": 0.59042,
        "ndcg_at_3": 0.51511,
        "ndcg_at_5": 0.54399,
        "precision_at_1": 0.43353,
        "precision_at_10": 0.07184,
        "precision_at_20": 0.04034,
        "precision_at_3": 0.19101,
        "precision_at_5": 0.12862,
        "recall_at_1": 0.43353,
        "recall_at_10": 0.7184,
        "recall_at_20": 0.80681,
        "recall_at_3": 0.57302,
        "recall_at_5": 0.64309
      }
    ]
  },
  "task_name": "LEMBQMSumRetrievalChunked"
}